NAICS,Industry,Year,TFP,TFP_growth,job_reallocation_rate,firm_birth_rate,firm_death_rate,emp,output,output_share
11,"Agriculture, forestry, fishing, and hunting",1987,68.776,,0.5404511384030686,0.12998210509191477,0.11159915405889051,170858,175.1,0.025367620427381384
11,"Agriculture, forestry, fishing, and hunting",1988,63.369,-0.07861754100267526,0.48608672275828935,0.12625133120340787,0.10979765708200213,178943,183.2,0.024375964660173503
11,"Agriculture, forestry, fishing, and hunting",1989,66.843,0.05482175827297264,0.49573952122452614,0.13871863376813873,0.10498192676410498,179228,202.0,0.02518263644750293
11,"Agriculture, forestry, fishing, and hunting",1990,70.492,0.05459060784225733,0.47119231721746785,0.11990067399787159,0.0980084123042619,183371,211.2,0.02500976944118796
11,"Agriculture, forestry, fishing, and hunting",1991,71.025,0.007561141689837125,0.4808613084434295,0.10989337961815027,0.10295065707909745,183846,205.5,0.024075354101011047
11,"Agriculture, forestry, fishing, and hunting",1992,76.087,0.07127067933826114,0.4533864282459148,0.12568332922925388,0.10386604284658951,186909,217.1,0.02414260931453227
11,"Agriculture, forestry, fishing, and hunting",1993,71.842,-0.05579139669063049,0.4823473744206304,0.12839791787160207,0.09673221515326778,185793,218.7,0.022985485616992655
11,"Agriculture, forestry, fishing, and hunting",1994,76.361,0.06290192366582237,0.44112123604857123,0.11749591217005373,0.09278206026629292,188932,237.7,0.02338117112420448
11,"Agriculture, forestry, fishing, and hunting",1995,69.954,-0.08390408716491415,0.4313093604756283,0.10125832041579283,0.09496671833682867,188240,232.7,0.021408528451170705
11,"Agriculture, forestry, fishing, and hunting",1996,75.037,0.07266203505160562,0.40569508200197185,0.10379666545849946,0.10248278361725263,188724,255.6,0.022094480701906036
11,"Agriculture, forestry, fishing, and hunting",1997,79.077,0.05384010554792962,0.39888405219488715,0.10533460024433283,0.10180534817429075,195669,257.9,0.02084579446806447
11,"Agriculture, forestry, fishing, and hunting",1998,78.985,-0.0011634229927791617,0.4197376961354996,0.09612696695071915,0.10171784120113621,192291,249.8,0.01911539638812366
11,"Agriculture, forestry, fishing, and hunting",1999,80.877,0.023953915300373385,0.393222452343717,0.06760371797778282,0.09576059850374065,190346,245.3,0.017613395658761105
11,"Agriculture, forestry, fishing, and hunting",2000,86.187,0.06565525427501018,0.3779966845192553,0.1183633479518522,0.09811514416347858,189989,243.6,0.01615963275974155
11,"Agriculture, forestry, fishing, and hunting",2001,86.474,0.003329968556742946,0.3584750382095486,0.07014816169745747,0.09168648253155295,182668,251.4,0.016517414242820442
11,"Agriculture, forestry, fishing, and hunting",2002,88.992,0.029118578994842492,0.37557372696286423,0.07374865635369444,0.10436042435855494,181060,241.9,0.015792703627294808
11,"Agriculture, forestry, fishing, and hunting",2003,93.57,0.05144282632146702,0.3848021189885037,0.08697329090733777,0.09574775817182528,182401,269.3,0.01676659382257171
11,"Agriculture, forestry, fishing, and hunting",2004,96.587,0.03224324035481474,0.3517694847247254,0.02470817120622568,0.09212062256809339,182313,308.6,0.01781004541965569
11,"Agriculture, forestry, fishing, and hunting",2005,95.834,-0.007796080217834733,0.3505711639394875,0.08349848753520392,0.09267758422864296,167163,300.2,0.015882001280294572
11,"Agriculture, forestry, fishing, and hunting",2006,94.937,-0.009359934887409493,0.37081809152353495,0.09937888198757763,0.09990525318454574,164201,304.0,0.01518094791037248
11,"Agriculture, forestry, fishing, and hunting",2007,91.376,-0.03750908497213934,0.3493828401771932,0.057562671160733096,0.09595534021487255,168245,349.3,0.016541410352943407
11,"Agriculture, forestry, fishing, and hunting",2008,92.49,0.012191385046401493,0.3252493145366753,0.0608467057341585,0.10307245741825949,163262,372.6,0.017154696132596688
11,"Agriculture, forestry, fishing, and hunting",2009,99.644,0.07734890258406324,0.25583630166824695,0.08960430009149131,0.10258462946020128,149370,339.0,0.017171686472358144
11,"Agriculture, forestry, fishing, and hunting",2010,98.552,-0.010959014090160979,0.31224429767093614,0.07496668790915938,0.08151323793522972,151387,366.6,0.017471119752945213
11,"Agriculture, forestry, fishing, and hunting",2011,94.816,-0.037908921178667176,0.2962284158299187,0.10053650571495218,0.086074177746676,153579,429.5,0.019182499486382433
11,"Agriculture, forestry, fishing, and hunting",2012,91.341,-0.03664993250084381,0.30168121751755417,0.07087836284203265,0.07174063002989194,156531,451.1,0.019252108300044386
11,"Agriculture, forestry, fishing, and hunting",2013,96.27,0.05396262357539339,0.29699725374371727,0.08526551982049364,0.07928197456993269,153875,487.4,0.019960521250542627
11,"Agriculture, forestry, fishing, and hunting",2014,94.762,-0.015664277552716266,0.269607619742059,0.09133543036888762,0.07463540177294824,155200,498.6,0.019476790743641528
11,"Agriculture, forestry, fishing, and hunting",2015,98.336,0.03771553998438182,0.275607261569931,0.0882038589188277,0.06559036957866907,158590,457.9,0.01771825688570389
11,"Agriculture, forestry, fishing, and hunting",2016,101.636,0.03355841197526854,0.2994197729327841,0.07992738874525551,0.07272127179712856,159735,430.9,0.016360826660287882
11,"Agriculture, forestry, fishing, and hunting",2017,100,-0.016096658664252805,0.30661290121221957,0.07755324959038777,0.07454942654287275,161691,448.9,0.016237019246420004
11,"Agriculture, forestry, fishing, and hunting",2018,101.95,0.019500000000000073,0.2856312923740598,0.0848897359106997,0.07791995643887831,162310,448.1,0.015299154637204158
11,"Agriculture, forestry, fishing, and hunting",2019,98.023,-0.03851888180480634,0.28580682616799585,0.060563456442978426,0.08154436813929596,164375,439.0,0.014563622128743747
11,"Agriculture, forestry, fishing, and hunting",2020,98.695,0.006855533905307798,0.27954524783992724,0.10820215410107704,0.0811930405965203,166501,443.3,0.015201862768295903
11,"Agriculture, forestry, fishing, and hunting",2021,100.794,0.021267541415471936,0.30724070450097846,0.07362590082822416,0.07577713240830375,164535,534.4,0.016059332984740028
11,"Agriculture, forestry, fishing, and hunting",2022,98.656,-0.021211580054368184,0.3254647979653898,0.14374258919909452,0.09685243074269699,166810,639.7,0.017178042610783203
21,Mining,1987,66.059,,0.3093115027794115,0.16542793306278783,0.18384934567507183,578807,134.0,0.01941325606664252
21,Mining,1988,70.536,0.06777274860352112,0.41403651760090343,0.09025874483207136,0.1230083151391276,576872,135.5,0.018029166001383788
21,Mining,1989,69.2,-0.01894068277191785,0.35713169103763226,0.11324560560945154,0.1227067524733455,559419,141.7,0.0176652454683721
21,Mining,1990,68.933,-0.0038583815028900847,0.32803412451036695,0.13852121212121213,0.1070060606060606,568097,160.1,0.018958636778097504
21,Mining,1991,69.713,0.011315335180537511,0.34974285414407164,0.045781433607520565,0.10166862514688602,570265,152.4,0.01785442318731914
21,Mining,1992,70.094,0.005465264728242936,0.3243764965923743,0.08503435228517375,0.11525440605396793,520346,145.2,0.016146968551221032
21,Mining,1993,71.2,0.015778811310525942,0.32482283156666225,0.09055906360696134,0.10585759022537092,480855,145.1,0.015250086707936142
21,Mining,1994,75.077,0.05445224719101116,0.3490419089172144,0.07835879255513269,0.09843073875188989,488633,143.3,0.014095590332766103
21,Mining,1995,77.557,0.03303275304021214,0.33639131133291866,0.05846988721004469,0.0974143434773356,484427,142.2,0.013082478494870969
21,Mining,1996,74.28,-0.04225279471872301,0.3101717439330969,0.08514171833480956,0.10102967227635075,466823,167.9,0.014513549725547824
21,Mining,1997,75.797,0.020422724824986416,0.3756914248528411,0.07970973730100692,0.08983518028913764,478801,177.2,0.014322895617452593
21,Mining,1998,78.661,0.03778513661490557,0.35532157860237706,0.03159629482298119,0.08546911405353186,488389,151.9,0.01162381389654117
21,Mining,1999,79.865,0.015306187310102803,0.25527040394654016,0.09057601057120548,0.10312931707610067,445218,156.1,0.011208524510120702
21,Mining,2000,71.708,-0.10213485256370125,0.3585876736457737,0.10821167883211678,0.08302919708029197,450036,218.5,0.01449458028737081
21,Mining,2001,75.665,0.0551821275171529,0.26354058211327774,0.06787706182508603,0.07262370950516198,481026,226.6,0.014888011405819858
21,Mining,2002,80.762,0.06736271724046783,0.34398062873817753,0.05103135805413139,0.07541433170382736,474622,196.0,0.012796072389209517
21,Mining,2003,75.369,-0.06677645427304923,0.3112209150664968,0.09734188817598534,0.07668805377329667,455104,252.9,0.01574553129494387
21,Mining,2004,74.925,-0.005891016200294641,0.26657788400849364,0.0832784529725199,0.0652577381308747,467403,300.1,0.017319490053268542
21,Mining,2005,70.589,-0.0578712045378712,0.2517503215088928,0.11685485768054575,0.06192660550458716,493342,394.5,0.02087091773842841
21,Mining,2006,73.934,0.04738698664097796,0.22266663349529892,0.10469394581335711,0.06232578882818597,550843,445.2,0.022232098716111277
21,Mining,2007,79.003,0.06856114913301048,0.23029987278898953,0.05973900951973473,0.062038720718793454,707490,476.3,0.022555607647028183
21,Mining,2008,76.637,-0.029948229814057648,0.31304045998521046,0.0847493969445189,0.0754757437684267,621652,614.6,0.028296500920810316
21,Mining,2009,82.398,0.07517256677583939,0.2883048127906693,0.06203526662417676,0.07674739749309539,601500,404.9,0.020509781276276732
21,Mining,2010,78.197,-0.05098424719046568,0.29374174790835167,0.10635545253625142,0.08500889439922377,586548,500.1,0.023833352396202677
21,Mining,2011,78.126,-0.0009079632210954314,0.23270056698237582,0.11674671451944899,0.07410144086135008,648741,601.8,0.026877830479406166
21,Mining,2012,82.252,0.05281212400481272,0.2371340085182538,0.0674259681093394,0.0662617058972412,726058,613.4,0.026178770186759532
21,Mining,2013,85.475,0.039184457520789806,0.2953779290742638,0.09439781575487916,0.07857215087470927,730762,655.3,0.02683653995790025
21,Mining,2014,90.931,0.06383152968704309,0.28346446086849936,0.066447663132746,0.07366482504604052,753393,727.6,0.02842220807275085
21,Mining,2015,96.49,0.061134266641739377,0.2900417418411248,0.0030582572946956784,0.09034392860723954,741335,481.5,0.018631449422289635
21,Mining,2016,97.098,0.006301171105814074,0.1619633827428387,0.05888492172480088,0.13155726448777808,583970,367.7,0.013961188124826766
21,Mining,2017,100,0.029887330326062278,0.3596509940011342,0.1153299372112309,0.11503376377206492,575573,462.8,0.016739791729211806
21,Mining,2018,99.387,-0.006129999999999969,0.2692184975665095,0.08023923728311719,0.08503582637531829,605867,585.6,0.01999371782090327
21,Mining,2019,103.366,0.04003541710686509,0.22598864545330394,0.04635249315720576,0.08139950017850768,627318,557.7,0.018501439774943937
21,Mining,2020,113.368,0.09676295880657082,0.2413599993352887,0.03459332798914719,0.09730529691064932,579439,385.8,0.01323004434019526
21,Mining,2021,106.763,-0.05826159057229541,0.15973768892665463,0.11828947368421053,0.10822368421052632,474197,608.0,0.018271097407788057
21,Mining,2022,99.366,-0.0692843026142016,0.2466038264570549,-0.5289519963525044,0.09535595649058816,505960,875.7,0.023515416467504848
22,Utilities,1987,76.927,,0.11142413093862381,0.08651742130954385,0.052684733209897326,774290,183.1,0.026526620789568994
22,Utilities,1988,74.77,-0.028039569981931023,0.1277940709952674,0.08287202865516119,0.04021491370888961,771124,191.6,0.025493639895683644
22,Utilities,1989,79.15,0.05857964424234341,0.10493208357224677,0.06074328544659588,0.044815740162398504,766130,204.0,0.02543196948163662
22,Utilities,1990,82.749,0.04547062539481983,0.10524924383208017,0.0630187519213034,0.052105748539809406,777011,208.3,0.02466635878124741
22,Utilities,1991,80.893,-0.02242927406977724,0.13826807916690786,-0.05975368709137905,0.060818002128630075,775093,219.3,0.025692093208524197
22,Utilities,1992,80.852,-0.0005068423720222537,0.21296743196607718,0.10667358229598893,0.05204011065006916,772695,226.9,0.025232418486722124
22,Utilities,1993,81.737,0.010945925889279007,0.1551575326993462,0.031475409836065574,0.035573770491803276,759131,239.1,0.025129536401568103
22,Utilities,1994,86.504,0.05832120092491788,0.11759800277629016,0.0668312757201646,0.04378600823045267,740969,242.1,0.023813973618720678
22,Utilities,1995,93.25,0.0779848330713031,0.11427860893661619,0.04762670957361223,0.03765084473049075,721345,244.0,0.022448134688808134
22,Utilities,1996,95.546,0.024621983914209222,0.1409767439885765,0.03170304285486698,0.041739684562689186,692160,255.5,0.022085836538877125
22,Utilities,1997,95.781,0.002459548280409507,0.15643836957805216,0.05712906340521403,0.050048278081750885,686368,262.1,0.021185276192631632
22,Utilities,1998,88.464,-0.07639302158048056,0.19576882964033304,0.04202620645573666,0.04458293384467881,685626,267.9,0.02050045913682277
22,Utilities,1999,85.996,-0.027898354132754655,0.19793600630556518,0.08346683755206664,0.0450176225568728,660435,314.8,0.022603738089596394
22,Utilities,2000,82.211,-0.0440136750546537,0.21483078459673932,0.06880592409750078,0.04813329219376736,653715,373.3,0.024763509479521845
22,Utilities,2001,71.259,-0.13321818248166306,0.2505354887135456,0.039298669891172915,0.045495767835550184,652941,446.5,0.029335821238740366
22,Utilities,2002,84.596,0.1871623233556463,0.22481561263609187,0.045475285171102664,0.05140684410646388,667593,325.2,0.02123103439270885
22,Utilities,2003,87.493,0.034245117972480754,0.23220204542644216,0.018665850673194616,0.03824969400244798,663088,343.2,0.021367601187919086
22,Utilities,2004,94.34,0.07825768918656362,0.17149574632637277,0.015761548064918852,0.04463171036204744,630180,351.8,0.020303220928823303
22,Utilities,2005,90.539,-0.04029043883824468,0.18231061537607196,0.01783705608227543,0.036156194761369116,632875,416.2,0.022018950475878082
22,Utilities,2006,94.912,0.04829962778471164,0.16644196671032874,-0.053691275167785234,0.042232771321001804,618629,422.0,0.021073552691372326
22,Utilities,2007,93.719,-0.012569538098449184,0.16078105068115434,0.03621220351258374,0.04345464421510049,645266,451.6,0.021385917307155
22,Utilities,2008,91.567,-0.022962259520481476,0.2049594182419741,0.028269195695786977,0.04030640160496079,636236,524.9,0.024166666666666666
22,Utilities,2009,91.742,0.0019111688708814967,0.17689285139105404,0.055750415359054825,0.04319734170204911,644570,436.5,0.022110445856000974
22,Utilities,2010,95.583,0.04186741078241152,0.1288587545224962,0.035916134913400184,0.03263445761166819,639651,494.5,0.023566472225399367
22,Utilities,2011,99.932,0.045499722754046346,0.14993454916750587,0.04470288933309104,0.0359803743412684,642280,484.9,0.02165679627694259
22,Utilities,2012,98.533,-0.01399951967337787,0.14293270442404085,0.0403530895334174,0.035669248784002884,642577,461.6,0.01970022875482263
22,Utilities,2013,97.624,-0.009225335674342694,0.14411093118169774,0.04393042854581316,0.03693742155280617,635906,484.4,0.01983766207173338
22,Utilities,2014,94.644,-0.03052528066868787,0.14099982841374012,0.030804843304843305,0.033831908831908834,634606,520.7,0.02034008211033723
22,Utilities,2015,94.536,-0.0011411182959299992,0.13772222483279295,0.03964993748883729,0.04036435077692445,640792,492.3,0.019049351091574636
22,Utilities,2016,99.339,0.0508060421426757,0.13435090652022777,0.041108132260947276,0.04414655942806077,640551,470.5,0.017864397641367945
22,Utilities,2017,100,0.006653982826483107,0.15423953130794069,0.047866618859806385,0.04033703836500538,645142,474.1,0.017148520438243987
22,Utilities,2018,98.503,-0.014970000000000039,0.23636152650023595,0.056227758007117434,0.03879003558718861,647167,515.5,0.01760034415415921
22,Utilities,2019,100.494,0.0202125823578978,0.12134356302531445,0.047918852745715286,0.039174536551241694,641613,518.0,0.017184410621160048
22,Utilities,2020,103.934,0.034230899357175604,0.1216057298345479,0.07610957004160887,0.04195561719833565,636945,494.5,0.016957638481665517
22,Utilities,2021,101.006,-0.02817172436353832,0.130609385281276,0.07644593461860855,0.045934618608549874,631819,594.2,0.01785639157846655
22,Utilities,2022,98.292,-0.026869690909450905,0.18438946747949048,68.61330730437612,0.050268423621278674,645391,699.3,0.018778498042395956
23,Construction,1987,116.637,,0.5060476650184621,0.12332885024075234,0.10249170970093324,4965017,493.9,0.07155378486055776
23,Construction,1988,116.477,-0.0013717773948231926,0.4944019831270425,0.12946458203848638,0.11258279477756793,5074300,509.1,0.06773910266645378
23,Construction,1989,115.762,-0.00613855095855842,0.4761351196047073,0.1275387889768888,0.10860320122795497,5204540,523.9,0.06531278829132071
23,Construction,1990,114.859,-0.007800487206509943,0.4754124987770602,0.09998660529692563,0.10687808296562609,5323886,530.3,0.06279678378154344
23,Construction,1991,114.614,-0.0021330500874985336,0.3958587216564481,0.09201511399021461,0.11541325973114612,4755722,490.9,0.05751139332450765
23,Construction,1992,116.426,0.01580958696145318,0.4606888511533196,0.12451537102013775,0.1152441209025458,4509800,515.1,0.05728170455050932
23,Construction,1993,115.265,-0.009971999381581442,0.4749205939304269,0.1359409488716705,0.10272072282896472,4550934,545.3,0.05731131827593093
23,Construction,1994,115.12,-0.001257970763024252,0.43613836817534546,0.13624585406301823,0.09483255021190344,4754656,587.7,0.05780864227890187
23,Construction,1995,113.994,-0.009781097984711606,0.3813123416822115,0.11299228852420341,0.09217462142994058,5079437,613.7,0.05646073876443259
23,Construction,1996,113.548,-0.003912486622102862,0.39963471395746186,0.12632365765541298,0.09585402888439921,5207411,666.8,0.057639279076803385
23,Construction,1997,111.409,-0.01883784831084645,0.37717973395912174,0.10832271844047804,0.09227685509488576,5513180,709.1,0.05731583116442232
23,Construction,1998,110.843,-0.005080379502553689,0.37829944549746625,0.1119267732028274,0.08953831456275856,5771821,779.6,0.059657177838996024
23,Construction,1999,109.573,-0.011457647302942076,0.3398063365811848,0.0975290109296991,0.0839107407907165,6163367,841.6,0.06042981568044576
23,Construction,2000,109.649,0.0006936015259233486,0.3384576526714264,0.07962839085853493,0.08395151708783034,6582283,913.8,0.060618523874597
23,Construction,2001,109.342,-0.002799843135824376,0.3842055907618841,0.07171148948117843,0.08403859909485323,6507822,956.8,0.06286341267911932
23,Construction,2002,108.426,-0.008377384719503889,0.40053301808496206,0.10383769332295509,0.08795390706961319,6382470,969.9,0.06332097250150158
23,Construction,2003,108.757,0.003052773320052493,0.41296515893744695,0.12621279983743278,0.0890022269711693,6364434,1039.4,0.06471295068392512
23,Construction,2004,108.354,-0.0037055086109399893,0.3663928503002349,0.12286837951074904,0.0845903450579486,6630783,1158.0,0.066830954620743
23,Construction,2005,105.975,-0.021955811506727985,0.3912765028223964,0.13303523508877213,0.08631908473218332,6788131,1287.1,0.06809368370375464
23,Construction,2006,101.753,-0.03983958480773764,0.3252731614758221,0.10267500262284132,0.08807722826994431,7361231,1353.6,0.06759516806407957
23,Construction,2007,100.198,-0.01528210470452962,0.3870175480050098,0.06340715323917241,0.10024525724339015,7317007,1338.9,0.06340479336259927
23,Construction,2008,97.928,-0.022655142817221807,0.356157695048308,0.02689571954782167,0.12064439646047674,7005225,1275.8,0.058738489871086555
23,Construction,2009,98.153,0.0022976064047055544,0.2643208100913346,0.08217301566908547,0.1473120952792521,5944783,1098.7,0.055653486510855145
23,Construction,2010,98.178,0.00025470439008468126,0.31980995369304194,0.09276753412946441,0.12397263574594007,5350537,1016.6,0.04844828243547219
23,Construction,2011,97.204,-0.009920756177555057,0.368618622469577,0.11600212966255165,0.10890755311721066,5169072,1020.5,0.0455779760788202
23,Construction,2012,97.574,0.0038064277190239526,0.35213256967888046,0.08579921706362273,0.08622727106428127,5300354,1075.5,0.045900338010857314
23,Construction,2013,97.943,0.0037817451370241173,0.3332034325054263,0.09729588269957871,0.08257110752416613,5457712,1158.8,0.047456405468052514
23,Construction,2014,97.435,-0.0051866902177797325,0.30633200371470276,0.09974714683518734,0.07500829618087117,5697359,1264.7,0.04940292269050028
23,Construction,2015,98.056,0.006373479755734435,0.28810875679243164,0.10127439989158538,0.07065078697405265,6009907,1395.5,0.05399831291548325
23,Construction,2016,98.639,0.005945582116341663,0.27826224147560763,0.09043202655787591,0.06827143269426167,6315829,1508.6,0.05727997934488349
23,Construction,2017,100,0.013797787893226943,0.28472429482478806,0.09429202460547374,0.07080422209079701,6533369,1578.0,0.057077336535644396
23,Construction,2018,99.033,-0.009669999999999956,0.2714800269616361,0.09548908386043664,0.07121158947153643,6805887,1662.0,0.05674446553678489
23,Construction,2019,98.657,-0.0037967142265710185,0.2717281725015148,0.08474449320954011,0.07484964095503094,7044367,1732.2,0.05746493451346223
23,Construction,2020,99.289,0.006406033023505842,0.2768626436870458,0.10680645787406483,0.07898129577233642,7185415,1809.8,0.06206255636828767
23,Construction,2021,99.357,0.0006848694215875195,0.2909456777681221,0.10542420241348605,0.0754567506985599,7085774,1990.2,0.0598077928634536
23,Construction,2022,95.043,-0.04341918536187683,0.2720802538678954,-0.547739539903318,0.08998910352249877,7358283,2194.5,0.05892952088379512
42,Wholesale trade,1987,68.663,,0.35025080018639926,0.10874256925195684,0.09323082823422764,4671838,412.0,0.05968851865266208
42,Wholesale trade,1988,69.693,0.015000801013646425,0.33186737137491956,0.0960228521204131,0.08740867391782026,4781327,455.1,0.06055404758103145
42,Wholesale trade,1989,71.767,0.0297590862783923,0.30241778963079197,0.09551252157277898,0.08737358436616027,4921903,479.4,0.059765128281846054
42,Wholesale trade,1990,71.391,-0.005239176780414301,0.2885425107072578,0.04925311651652463,0.08659729069029322,5030998,509.9,0.06038106741506506
42,Wholesale trade,1991,74.481,0.043282766735302625,0.2928334163588521,0.1396613165721982,0.09610878837196252,4762289,516.2,0.060475415021615096
42,Wholesale trade,1992,79.023,0.06098199540822491,0.32495061569004186,0.09674611203915018,0.08313362754225752,4825209,537.8,0.059806058449357234
42,Wholesale trade,1993,80.2,0.014894397833542294,0.2833536959800201,0.09543689545745446,0.08094611219248535,4893370,580.3,0.060989836778879
42,Wholesale trade,1994,81.086,0.011047381546134716,0.2802058120013877,0.10080701834667469,0.08204849954729833,5018281,635.5,0.06251045119660054
42,Wholesale trade,1995,78.133,-0.036418123967146054,0.24675598428288925,0.08697381930184805,0.07806083162217659,5230269,690.8,0.06355398132388794
42,Wholesale trade,1996,83.724,0.0715574725148147,0.2853332324797446,0.09178968256492123,0.08207455367648461,5243306,711.9,0.061537796602843926
42,Wholesale trade,1997,88.659,0.058943672065357555,0.3028499807340615,0.08669566285474925,0.08388947854103611,5359971,747.1,0.06038733248193473
42,Wholesale trade,1998,92.412,0.04233072784488878,0.28254467233314634,0.07154118666850919,0.08199959799500006,5564750,772.1,0.05908325681052954
42,Wholesale trade,1999,91.807,-0.006546768817902504,0.2782639964811029,0.07900366263163575,0.08328837035109213,5637113,826.3,0.059331222310779856
42,Wholesale trade,2000,93.34,0.01669807313167837,0.2746689317538209,0.06959620558197652,0.08013094312197983,5828021,880.5,0.05840951003675056
42,Wholesale trade,2001,95.246,0.020419970002142573,0.3151479760898399,0.0826302513699226,0.08163160115843425,5894191,860.4,0.056529766167552536
42,Wholesale trade,2002,96.086,0.008819268000755942,0.3096158727543828,0.08371603551647899,0.08541848363043038,5805894,891.9,0.058228657979265144
42,Wholesale trade,2003,99.432,0.034822971088400045,0.2932652811160784,0.07787878787878788,0.07977433913604126,5825798,929.3,0.05785813456856995
42,Wholesale trade,2004,101.159,0.0173686539544613,0.26902181219303256,0.0718189217472191,0.07394739221993979,5913237,1019.3,0.05882624528922567
42,Wholesale trade,2005,102.2,0.01029073043426676,0.2627421743081776,0.07909617320433852,0.07643557434302305,5976102,1107.8,0.05860786481782254
42,Wholesale trade,2006,100.413,-0.017485322896281907,0.26094503436069744,0.06549269631183924,0.07691066096360262,6044465,1196.8,0.059764994931361136
42,Wholesale trade,2007,101.342,0.009251790106858726,0.2880147048629941,0.0668858861408447,0.07622176215884377,6112242,1270.9,0.06018459323663262
42,Wholesale trade,2008,100.971,-0.0036608711097076974,0.27554951915190773,0.050099051021989,0.07852224445330758,6128426,1327.1,0.06110036832412523
42,Wholesale trade,2009,96.679,-0.04250725455823956,0.21188673516035064,0.06455169699683806,0.08664793931251612,5822280,1154.9,0.05850023807352927
42,Wholesale trade,2010,100.085,0.03522998789809573,0.2183183430889448,0.07234520873013395,0.0810323234215575,5600702,1359.2,0.0647756300278318
42,Wholesale trade,2011,98.787,-0.012968976370085317,0.2324071569897371,0.08170393260982925,0.07519099597884783,5638657,1530.8,0.06836919723807737
42,Wholesale trade,2012,99.527,0.007490864182534196,0.24096099282156222,0.06207232267037552,0.06733310152990264,5765869,1655.0,0.07063231930076137
42,Wholesale trade,2013,99.436,-0.0009143247560963186,0.2342066606000955,0.0655989262007711,0.0702129072624761,5872240,1753.5,0.07181119001400595
42,Wholesale trade,2014,100.244,0.008125829679391794,0.2128492167024438,0.059820835981697316,0.06782035839826946,5944267,1857.7,0.07256725664753884
42,Wholesale trade,2015,102.154,0.019053509436973703,0.19979170502976976,0.05903946702349472,0.0698752871793238,6051228,1904.9,0.07370934165009248
42,Wholesale trade,2016,100.844,-0.012823775867807474,0.2117982371709207,0.04834519088996092,0.0709878752308287,6117070,1923.3,0.07302570878563862
42,Wholesale trade,2017,100,-0.008369362579826234,0.23876644347676385,0.057154679038158046,0.07147172657734684,6098884,2053.9,0.07429096420187581
42,Wholesale trade,2018,99.426,-0.005739999999999967,0.21259969456813438,0.05474923010056057,0.0702846677637811,6126198,2175.1,0.07426286822446498
42,Wholesale trade,2019,99.075,-0.003530263713716675,0.19509580179190858,0.04745121863785758,0.07254093257210133,6167881,2232.8,0.07407210817553313
42,Wholesale trade,2020,101.643,0.025919757759273354,0.19934240258527794,0.06255999380709087,0.07476389533983589,6131925,2126.2,0.07291270159700146
42,Wholesale trade,2021,98.493,-0.0309908208140256,0.19289170527550556,0.07174568095702705,0.07192200840886026,5914984,2538.0,0.07626981121869422
42,Wholesale trade,2022,95.323,-0.03218502837765125,0.20953702564988916,1.441793840775664,0.07499941213817105,6128321,2883.9,0.07744217146355742
51,Information,1987,78.021,,0.4020561068149929,0.17878581463663842,0.14785644344161097,2539117,350.7,0.05080767837739949
51,Information,1988,77.394,-0.008036297919790769,0.27139136512547785,0.14961491606615598,0.11558712394953645,2576896,375.0,0.049896215870988345
51,Information,1989,78.51,0.014419722459105389,0.3094574590856286,0.13650432316939237,0.11294155234729128,2633366,397.7,0.049579873837484724
51,Information,1990,78.201,-0.003935804356133166,0.24796160283152305,0.10478159932889834,0.11116096685460114,2731731,422.6,0.05004322237616493
51,Information,1991,76.814,-0.01773634608253094,0.319577381761454,0.11870729600251316,0.11701877012487238,2708850,440.6,0.05161849643263001
51,Information,1992,78.249,0.018681490353321006,0.2851631031027445,0.1386569446077855,0.10265004508212788,2644320,463.9,0.05158800765090521
51,Information,1993,78.776,0.006734910350292056,0.295313114809388,0.13224860467316243,0.09030366095922808,2672002,504.1,0.05298117649531778
51,Information,1994,78.666,-0.0013963643749365096,0.29644999408865236,0.14166908773968623,0.09324157466589192,2704397,544.4,0.0535494722760493
51,Information,1995,77.489,-0.014961991203315206,0.26951403326873563,0.14089263755866918,0.09225999757529572,2818778,598.6,0.05507153042918258
51,Information,1996,77.575,0.0011098349443146027,0.307129166494936,0.12882554048920672,0.09729631525922011,2885902,662.4,0.057258935903531136
51,Information,1997,74.712,-0.036906219787302574,0.33118662559254847,0.12981939285256822,0.10831625464326886,3010431,730.6,0.05905365427827802
51,Information,1998,77.484,0.037102473498233035,0.318427946642708,0.11696108089468486,0.10091067258107494,3190910,808.5,0.06186868686868687
51,Information,1999,78.441,0.012350936967632231,0.3740394914688349,0.14521080480693582,0.10605803495672832,3261157,913.6,0.06559966683181469
51,Information,2000,72.732,-0.07278081615481702,0.3216106803239775,0.09873665770995087,0.10658986653998605,3575418,1008.5,0.06690061427832247
51,Information,2001,73.246,0.00706704064235808,0.3551261706064625,0.08392686138376826,0.120750538664113,3758815,1039.2,0.06827723500850837
51,Information,2002,77.491,0.05795538322911842,0.4091704644616963,0.13175187584471268,0.1312081527395877,3721837,1046.2,0.06830230068158671
51,Information,2003,79.174,0.02171865119820371,0.30961107193384346,0.11194609197900816,0.1127689966773282,3604540,1049.6,0.06534800176818144
51,Information,2004,83.933,0.060108116300805925,0.319874862873671,0.09726042297950367,0.10369368949388529,3472430,1085.6,0.0626525771470454
51,Information,2005,86.631,0.032144686833545766,0.2777998852737315,0.10397410031436212,0.1016281142964388,3406388,1132.3,0.059904030811717336
51,Information,2006,87.3,0.007722408837482986,0.30371280864755434,0.08662953080871913,0.10045405607826616,3438981,1184.2,0.05913578459033912
51,Information,2007,91.577,0.04899198167239405,0.3364017458208981,0.10094457541572394,0.10078635507808174,3478620,1220.7,0.057807327849521944
51,Information,2008,93.829,0.02459132751673443,0.3095249988534445,0.07776881337699523,0.09836584246911237,3419033,1254.9,0.05777624309392266
51,Information,2009,91.671,-0.02299928593505196,0.2543931193221131,0.08878874513414417,0.10695999095475764,3289538,1219.6,0.06177754814657224
51,Information,2010,94.816,0.03430746910146065,0.22968907971312333,0.09375514098641134,0.09888790181949791,3133993,1268.9,0.06047218727362843
51,Information,2011,93.508,-0.013795140060749334,0.2945025886668477,0.11575222409630585,0.0931474683334987,3147411,1324.7,0.0591642772284303
51,Information,2012,91.246,-0.024190443598408717,0.29281440594048674,0.08804838214129784,0.08539641985090797,3246636,1382.6,0.0590067943596572
51,Information,2013,94.907,0.04012230673125394,0.28629566248384686,0.110345939843561,0.09244415772921538,3273592,1440.1,0.05897650113439975
51,Information,2014,93.39,-0.015984068614538383,0.28179748045330333,0.09758377564762735,0.08479759169769469,3342083,1519.8,0.05936788321738145
51,Information,2015,97.104,0.03976871185351749,0.2533324261666871,0.11460842902287162,0.08910860110759988,3386512,1587.5,0.06142767592499439
51,Information,2016,99.38,0.02343878727961779,0.2443713690671928,0.11683854039541128,0.08687759336099585,3400863,1696.4,0.0644105508157632
51,Information,2017,100,0.006238679814852155,0.2889262745639497,0.10687836957165708,0.09166716037679958,3457282,1763.3,0.06377976395012785
51,Information,2018,99.751,-0.0024899999999999922,0.2580002945643774,0.10896809302189867,0.09131494098595043,3541620,1877.8,0.06411236906436502
51,Information,2019,103.462,0.03720263456005446,0.2733721588931603,0.10735022149584963,0.09454790474961651,3526129,1961.1,0.06505858623389377
51,Information,2020,104.95,0.014382091975797762,0.2531662738654856,0.12351725504628712,0.09686323358718116,3502996,2023.6,0.06939429167138188
51,Information,2021,109.13,0.03982848975702713,0.2632454355226621,0.12061382343614278,0.09527223593321292,3326876,2264.5,0.06805082249989483
51,Information,2022,109.031,-0.0009071749289837339,0.30586629819476424,1.1068350209098121,0.11291298559845092,3515570,2448.9,0.06576099507510862
52,Finance and insurance,1987,99.457,,0.26350310387819503,0.08864531656203527,0.09006436818145697,5493500,527.6,0.07643607388627309
52,Finance and insurance,1988,98.604,-0.008576570779331716,0.3278469871476377,0.10236238375662218,0.0917327937063732,5251402,552.1,0.07346053541966044
52,Finance and insurance,1989,97.834,-0.007809013833110168,0.32680029488563384,0.10214630414974633,0.08779823841074502,5348773,588.7,0.07339117859725235
52,Finance and insurance,1990,97.428,-0.004149886542510806,0.2985142503918582,0.0773073830713355,0.08594083562061604,5484115,609.4,0.07216360557509442
52,Finance and insurance,1991,99.073,0.016884263250810827,0.3917779635032233,0.0819518088462313,0.09123654831420454,5558186,646.1,0.07569385053364105
52,Finance and insurance,1992,99.5,0.004309953266783184,0.32429429511814084,0.11067137888984237,0.07971636330789034,5357035,678.6,0.07546372492326854
52,Finance and insurance,1993,98.567,-0.009376884422110598,0.3290204833339495,0.06819961557627963,0.07166052428386023,5264817,744.0,0.07819479331981041
52,Finance and insurance,1994,96.7,-0.018941430701958972,0.32817184070596433,0.0901752400002198,0.08224025849136439,5359314,775.8,0.07631094891946923
52,Finance and insurance,1995,97.546,0.008748707342295825,0.27875807286806625,0.09768676774450315,0.07893230401858001,5299821,838.6,0.07715166290997746
52,Finance and insurance,1996,97.775,0.0023476103581898666,0.27201110467786427,0.10806847797584326,0.07293043566677192,5413933,918.9,0.0794312140726974
52,Finance and insurance,1997,98.605,0.008488877524929661,0.3514428828975375,0.10397613594652301,0.07207295700231092,5628271,1005.9,0.08130587303383502
52,Finance and insurance,1998,100.424,0.018447340398559886,0.32662533406488997,0.08537074148296593,0.06667835671342685,5833183,1113.1,0.08517753290480562
52,Finance and insurance,1999,102.624,0.021907113837329684,0.3626341815322934,0.08046977588267407,0.07307296968981611,5923965,1234.6,0.08864858654833452
52,Finance and insurance,2000,105.903,0.031951590271281693,0.33728300037968545,0.09837674225596212,0.07762833500134254,6014530,1395.4,0.09256630358351134
52,Finance and insurance,2001,107.212,0.012360367506114134,0.364610272511141,0.09381352081689265,0.07849439223282396,6184370,1381.4,0.09076036609002451
52,Finance and insurance,2002,104.404,-0.026191098011416725,0.3463918719097936,0.10138585318058486,0.07624547784142298,6438745,1401.6,0.09150497479957172
52,Finance and insurance,2003,100.819,-0.03433776483659623,0.33969714016437247,0.10485927627800115,0.07241815048822516,6374172,1499.4,0.09335250938568147
52,Finance and insurance,2004,100.101,-0.007121673494083436,0.3417921699445439,0.09187084140018248,0.06943498675924072,6413502,1613.2,0.09310163730067582
52,Finance and insurance,2005,103.778,0.036732899771231065,0.32254863164975334,0.09578367272315715,0.07386190505210555,6371725,1750.8,0.09262560906575529
52,Finance and insurance,2006,104.444,0.0064175451444428155,0.29896200722384253,0.08790604953101439,0.07867116483928405,6578513,1885.2,0.0941418519757704
52,Finance and insurance,2007,99.712,-0.04530657577266284,0.335715575339976,0.05418478031486093,0.08416831975689022,6598005,2025.2,0.09590513669275975
52,Finance and insurance,2008,91.226,-0.08510510269576388,0.2963568788787822,0.06431822335157902,0.1064022347341032,6430692,1992.6,0.0917403314917127
52,Finance and insurance,2009,106.527,0.16772630609694605,0.2482443776070497,0.09093180228385585,0.109705024664553,6158767,1881.6,0.09531045801294714
52,Finance and insurance,2010,103.407,-0.02928834943253822,0.2538560402800107,0.07093291855884382,0.08624624457807342,5917307,1917.6,0.09138739563079033
52,Finance and insurance,2011,102.967,-0.004255031090738548,0.251671365372704,0.0799292944013765,0.08196019989375355,5880326,1986.7,0.08873078400371591
52,Finance and insurance,2012,108.844,0.05707653908533805,0.25428132464861897,0.071108577781337,0.06985552169058937,5995051,2155.9,0.09200979890061116
52,Finance and insurance,2013,103.499,-0.049106978795340095,0.23159426597846003,0.07139126875467544,0.06753800335925701,6053098,2301.8,0.09426575259437633
52,Finance and insurance,2014,105.502,0.01935284398883086,0.24671075808128598,0.07204990485831857,0.06615393267905852,6061542,2473.5,0.09662222604171142
52,Finance and insurance,2015,105.441,-0.0005781880912208992,0.24518473895780796,0.06911622185776055,0.06569628746086179,6099103,2576.8,0.09970824272348065
52,Finance and insurance,2016,103.46,-0.018787758082719375,0.21496531532345267,0.06336425858338209,0.06656822593077573,6309524,2643.0,0.10035197229784375
52,Finance and insurance,2017,100,-0.03344287647399957,0.27401753084903535,0.06772318184359104,0.06797473307619208,6364092,2807.7,0.10155642445572165
52,Finance and insurance,2018,96.233,-0.03766999999999998,0.2509547376077705,0.06686889019355681,0.06991622168171695,6442913,2938.2,0.10031684033705256
52,Finance and insurance,2019,96.95,0.007450666611245715,0.22481994649152526,0.07476163768928772,0.07242007851934941,6530170,3007.9,0.09978569248530368
52,Finance and insurance,2020,96.026,-0.009530685920577708,0.2071860445029639,0.08464009773338742,0.06969099276791585,6639343,3126.0,0.1071983374998714
52,Finance and insurance,2021,98.187,0.022504321746193767,0.2528248116667072,0.0739616018964749,0.07042408817138106,6682653,3337.4,0.10029269817228924
52,Finance and insurance,2022,94.886,-0.03361952193263873,0.2934931472227624,-0.1348169037296795,0.08492608852895801,6774914,3494.8,0.09384683963758815
53,Real estate and rental and leasing,1987,105.312,,0.48466017791505916,0.15036442514046885,0.12695721653972822,1500555,728.9,0.10559942049981891
53,Real estate and rental and leasing,1988,104.314,-0.009476602856274718,0.43733809285599184,0.12474913542433023,0.11028031770340675,1585126,814.5,0.10837458087178668
53,Real estate and rental and leasing,1989,103.339,-0.009346779914488845,0.4253250833315707,0.12318697582634436,0.11533793783917119,1631655,875.2,0.10910813573690378
53,Real estate and rental and leasing,1990,102.167,-0.011341313540870313,0.40469663351209006,0.07054642642113455,0.11363202490564929,1683306,952.0,0.11273343043565785
53,Real estate and rental and leasing,1991,100.529,-0.016032574118844733,0.4668763702220951,0.12617589736506912,0.12482543774841551,1589225,982.4,0.11509307965368978
53,Real estate and rental and leasing,1992,104.154,0.03605924658556248,0.4312630905979716,0.12917298840886218,0.1053010681828631,1570255,1039.6,0.11560873626618033
53,Real estate and rental and leasing,1993,102.974,-0.011329377652322448,0.39424328688047416,0.111821819524413,0.09361559877461008,1612015,1098.7,0.11547395083397272
53,Real estate and rental and leasing,1994,102.22,-0.0073222366811039885,0.3900259060199106,0.10530932255298298,0.0950581893911552,1643328,1178.8,0.11595172284902079
53,Real estate and rental and leasing,1995,101.122,-0.010741537859518702,0.36022160837667183,0.1005059005563451,0.09769264722288241,1694140,1238.1,0.1139058834353006
53,Real estate and rental and leasing,1996,99.484,-0.016198255572476894,0.39021305667592343,0.10431590301189377,0.09848752339816297,1666632,1330.3,0.11499330077365259
53,Real estate and rental and leasing,1997,99.739,0.0025632262474368783,0.3875557934196921,0.11424751865815189,0.10112429791490343,1737801,1406.0,0.11364554874795907
53,Real estate and rental and leasing,1998,96.089,-0.03659551429230301,0.375787298593652,0.10065929058624176,0.08961415599887983,1817166,1497.5,0.11459289868380777
53,Real estate and rental and leasing,1999,96.535,0.004641530247999182,0.36654635954233017,0.0943391797491174,0.09294956057988432,1882446,1599.2,0.11482813835096109
53,Real estate and rental and leasing,2000,93.782,-0.02851815403739577,0.3335151574569098,0.09669767092975284,0.09111877883208941,1945115,1734.3,0.11504782879811072
53,Real estate and rental and leasing,2001,95.054,0.013563370369580552,0.3617663991089653,0.11983551987468181,0.08906076626852033,1977619,1832.7,0.12041155561979724
53,Real estate and rental and leasing,2002,95.582,0.005554737307214674,0.38495999596809755,0.11510436690110586,0.08382369569642009,1978733,1934.6,0.1263024573681874
53,Real estate and rental and leasing,2003,94.905,-0.0070829235630138765,0.3219065393385446,0.1159812465188083,0.0816144835117604,2061308,2060.8,0.12830522298386846
53,Real estate and rental and leasing,2004,93.906,-0.010526315789473606,0.3141438291406463,0.11835215203076571,0.07973389527956684,2102761,2253.2,0.13003757076982564
53,Real estate and rental and leasing,2005,95.069,0.012384725150682563,0.3436826293481128,0.1198138433589843,0.08598313976036415,2138446,2495.1,0.13200260291293467
53,Real estate and rental and leasing,2006,92.802,-0.023845838285876497,0.32593329068338694,0.09994392715268399,0.10048491166552152,2200067,2592.4,0.12945753079884745
53,Real estate and rental and leasing,2007,95.952,0.033943233982026255,0.38508523414624796,0.06470042077398708,0.11239209023922878,2187592,2661.3,0.12602821463580957
53,Real estate and rental and leasing,2008,95.373,-0.006034267133566695,0.35482941240047555,0.07849929885410357,0.13232572998000283,2149108,2697.4,0.12418968692449356
53,Real estate and rental and leasing,2009,93.014,-0.024734463632264947,0.2845239478954561,0.11527668157502412,0.1272866789441375,2016696,2624.4,0.13293620642494605
53,Real estate and rental and leasing,2010,97.011,0.04297202571655889,0.2956341771290635,0.08270423085287212,0.0967597338907603,1931518,2722.9,0.12976571733577338
53,Real estate and rental and leasing,2011,99.309,0.02368803537743136,0.3025110465613342,0.10869486932488275,0.09490263510897845,1905218,2794.1,0.1247912032942984
53,Real estate and rental and leasing,2012,101.067,0.017702323052291247,0.35536207650025486,0.10404141764867816,0.08076619097940661,1900831,2914.4,0.12438116699102052
53,Real estate and rental and leasing,2013,102.486,0.014040191160319404,0.30111923666284923,0.09704504035407446,0.07602186930486853,1950648,3078.1,0.12605761276424962
53,Real estate and rental and leasing,2014,101.852,-0.006186210799523861,0.2839552557683721,0.09913941480206541,0.0750557786702365,2007211,3217.7,0.12569287921342828
53,Real estate and rental and leasing,2015,100.687,-0.011438165180850723,0.27586966678962255,0.1015844164467241,0.07565609282406255,2055761,3369.9,0.13039692919662274
53,Real estate and rental and leasing,2016,100.174,-0.005094997368081167,0.28036823446450476,0.10086967073861339,0.07591618801067875,2096916,3523.8,0.1337950359376246
53,Real estate and rental and leasing,2017,100,-0.0017369776588735952,0.2896823301820266,0.1060740600420697,0.07713042002612584,2145761,3647.4,0.1319289463118564
53,Real estate and rental and leasing,2018,101.754,0.01754000000000011,0.2845018706630602,0.09889806422908604,0.07564733452744866,2199591,3836.9,0.13100050530570995
53,Real estate and rental and leasing,2019,101.902,0.0014544882756450939,0.26422895460152795,0.09866371797514853,0.07825777311318102,2239168,4057.8,0.13461563980413754
53,Real estate and rental and leasing,2020,101.017,-0.008684814822084053,0.2695647482046206,0.12471118066039988,0.08128450679391248,2278527,4158.8,0.1426156257179991
53,Real estate and rental and leasing,2021,104.969,0.039122127958660435,0.29119714651178624,0.12080225030012216,0.08331954472964362,2185501,4682.5,0.1407144960723151
53,Real estate and rental and leasing,2022,107.212,0.021368213472549025,0.26748076257451553,-0.09900304718729004,0.10094741056946434,2329109,5131.4,0.1377949161372095
54,"Professional, scientific, and technical services",1987,88.851,,0.35438518975359723,0.13468423996679874,0.09599239051701694,4008483,332.7,0.04819992756247736
54,"Professional, scientific, and technical services",1988,92.247,0.0382212918256406,0.34121412673325013,0.1263540862694101,0.0982163907412141,4266791,379.6,0.0505082761190058
54,"Professional, scientific, and technical services",1989,93.188,0.010200873741151417,0.32244555848286394,0.12349710947777497,0.09549223360729932,4556624,426.2,0.05313286957388984
54,"Professional, scientific, and technical services",1990,94.89,0.018264154182942027,0.3070630234734545,0.09056862501085969,0.09334166105093604,4781723,464.0,0.054945705590488704
54,"Professional, scientific, and technical services",1991,92.39,-0.02634629571082303,0.35022671712124887,0.12085301361412365,0.09975135740959629,4700470,475.4,0.05569549070375012
54,"Professional, scientific, and technical services",1992,95.155,0.02992748132914813,0.35683487875231595,0.12163452226126899,0.08565077432505973,4665589,503.0,0.05593612383790757
54,"Professional, scientific, and technical services",1993,93.096,-0.02163837948610159,0.32042078153020276,0.11459402189759901,0.07913228705041256,4854331,540.0,0.05675428547405594
54,"Professional, scientific, and technical services",1994,91.758,-0.014372260891982513,0.3099198933813715,0.1207682634537462,0.07897808493029955,4971500,572.7,0.05633317922941484
54,"Professional, scientific, and technical services",1995,89.995,-0.01921358355674696,0.29085908042816333,0.11447737111211069,0.07688704745319264,5183301,627.7,0.05774874649247896
54,"Professional, scientific, and technical services",1996,91.796,0.020012222901272247,0.29578094897949253,0.11225102612237106,0.07925005568105889,5452056,695.9,0.06015473051821757
54,"Professional, scientific, and technical services",1997,90.942,-0.009303237613839554,0.3309081954735735,0.13104210341913414,0.083635089583586,5630279,799.8,0.0646470198354322
54,"Professional, scientific, and technical services",1998,90.171,-0.008477930988981863,0.2849107711811429,0.1079445307258976,0.07577124897764136,6206808,889.6,0.06807468625650444
54,"Professional, scientific, and technical services",1999,89.959,-0.002351088487429487,0.3121174664006884,0.09995726419629979,0.07912890186791076,6579921,977.7,0.07020227042629731
54,"Professional, scientific, and technical services",2000,89.296,-0.007370024122100083,0.3022692384682987,0.10478172363929411,0.08225199594618403,6996984,1073.9,0.07123903785175063
54,"Professional, scientific, and technical services",2001,89.069,-0.0025421071492564007,0.339126506920422,0.0957518129385213,0.0852196252833916,7269332,1103.5,0.07250185607379618
54,"Professional, scientific, and technical services",2002,91.94,0.03223343699828218,0.39676062850891414,0.10412119309156162,0.09180302408770091,7055899,1122.6,0.07329015747003369
54,"Professional, scientific, and technical services",2003,91.819,-0.0013160757015444613,0.3547549955062249,0.11162398236375097,0.08912342372689161,7150563,1171.6,0.072943710815169
54,"Professional, scientific, and technical services",2004,92.034,0.0023415632930003927,0.32265754842928374,0.1089067089390003,0.08247508427557255,7246248,1247.5,0.07199621406681941
54,"Professional, scientific, and technical services",2005,91.614,-0.004563530869026722,0.31160220329898874,0.1123592649203812,0.08045136913822305,7383262,1346.2,0.07122035350943555
54,"Professional, scientific, and technical services",2006,91.067,-0.005970703167638258,0.28572204309840693,0.09573858737158483,0.08274617526052573,7785599,1431.9,0.07150526089757354
54,"Professional, scientific, and technical services",2007,91.229,0.0017789100332723518,0.3354847244215635,0.0877679383000909,0.08348457350272233,7738660,1544.6,0.07314589874364838
54,"Professional, scientific, and technical services",2008,95.936,0.05159543566190594,0.3078071872890744,0.07264435941832448,0.08898279431885603,7880230,1624.2,0.07477900552486189
54,"Professional, scientific, and technical services",2009,93.417,-0.026257088058705857,0.3060576608965835,0.09028537490171822,0.09606149708347374,7791191,1559.8,0.07901001934980599
54,"Professional, scientific, and technical services",2010,95.069,0.017684147424986918,0.30187578547285226,0.09071240538378088,0.08843743761249097,7723625,1618.0,0.07710930649281329
54,"Professional, scientific, and technical services",2011,95.216,0.001546245358634124,0.3000410554181409,0.09831494071488019,0.0870832709265896,7844558,1710.8,0.0764084286875508
54,"Professional, scientific, and technical services",2012,96.306,0.0114476558561587,0.3064415662903003,0.09133968639822143,0.07991821739575238,7919322,1785.0,0.07618047731230154
54,"Professional, scientific, and technical services",2013,95.477,-0.008607978734450517,0.28067443743186593,0.09027803987699035,0.07991551766565468,8210537,1820.3,0.07454685439549188
54,"Professional, scientific, and technical services",2014,96.916,0.015071692658964908,0.27006241855052393,0.0893386786123592,0.08001930516353356,8437208,1918.4,0.07493837818411934
54,"Professional, scientific, and technical services",2015,98.068,0.01188658219489036,0.2786376213365126,0.09026659244871856,0.08112505329480317,8650330,1994.7,0.07718411664099925
54,"Professional, scientific, and technical services",2016,98.52,0.004609046783864201,0.2519991205240276,0.08713836602544073,0.08261120230964568,8793302,2076.4,0.07883875719986484
54,"Professional, scientific, and technical services",2017,100,0.015022330491270885,0.24901991979491528,0.08797092073153813,0.0822038440362819,8864974,2204.0,0.07972018360238292
54,"Professional, scientific, and technical services",2018,102.698,0.026980000000000004,0.24378719201617338,0.0927198859296818,0.08244978205251068,9059402,2340.0,0.07989292981713396
54,"Professional, scientific, and technical services",2019,104.548,0.018013982745525903,0.23620507814783337,0.09481424204228116,0.08398021762907623,9238083,2475.8,0.08213352088005416
54,"Professional, scientific, and technical services",2020,106.394,0.01765696139572248,0.23971259068158438,0.10541454751752075,0.08377825393959128,9501619,2522.2,0.08649252938009457
54,"Professional, scientific, and technical services",2021,112.438,0.056807714720754854,0.2839031059457543,0.10089822776072126,0.08692656911510509,9494946,2817.2,0.08466009147569163
54,"Professional, scientific, and technical services",2022,114.627,0.019468507088350906,0.26025069285605507,-0.8699223816680736,0.10400856478145395,10075041,3112.1,0.0835700897436586
55,Management of companies and enterprises,1987,108.849,,0.36410295403566134,0.08324831667006734,0.04084880636604774,3024400,104.5,0.015139442231075698
55,Management of companies and enterprises,1988,100.668,-0.07515916544938395,0.40629343061244355,0.07402912621359223,0.03401973066082054,3065068,110.9,0.014755974240246952
55,Management of companies and enterprises,1989,105.689,0.04987682282353867,0.32597105279822736,0.07667695550703907,0.03598584657080479,3181866,118.2,0.014735582317301219
55,Management of companies and enterprises,1990,108.043,0.02227289500326446,0.29362158422475904,0.06850652873729518,0.037400079574637396,3257969,125.5,0.014861392352599855
55,Management of companies and enterprises,1991,102.839,-0.04816600797830495,0.31886818864958244,0.03742940330445154,0.041323183779422595,3247624,130.6,0.015300444017479525
55,Management of companies and enterprises,1992,97.576,-0.05117708262429632,0.35405522992251026,0.028137765882518664,0.031236793914635866,3213472,138.3,0.015379653929985323
55,Management of companies and enterprises,1993,95.013,-0.026266704927441098,0.3319817481163606,0.03465451462484104,0.0301328246432104,3161463,147.7,0.015523348082440856
55,Management of companies and enterprises,1994,93.682,-0.014008609348194478,0.2995589986124806,0.039632859755239835,0.03344352229568153,3152945,158.3,0.015571053382253133
55,Management of companies and enterprises,1995,94.206,0.005593390405840948,0.2893690160848895,0.023766251922270377,0.03488046973297917,3215254,168.4,0.015492892957357745
55,Management of companies and enterprises,1996,95.01,0.008534488249156036,0.3064586696249946,0.02092316392167951,0.03548455502933484,3219004,179.8,0.015542205125988678
55,Management of companies and enterprises,1997,100.012,0.05264708978002308,0.37434193475295297,0.05401334194103723,0.046445735600028695,3211444,195.2,0.015777817294168998
55,Management of companies and enterprises,1998,99.967,-0.0004499460064791849,0.3363954354055156,0.03844374043355996,0.03968960239205496,3294237,221.7,0.016965105601469237
55,Management of companies and enterprises,1999,98.409,-0.015585143097222032,0.34356247582358085,0.05232019388409723,0.045049540238078264,3261450,240.2,0.01724719786887247
55,Management of companies and enterprises,2000,100.197,0.018169069902143065,0.3410197146279045,0.039629184063406694,0.04376901847003043,3341031,260.2,0.01726082284107041
55,Management of companies and enterprises,2001,104.09,0.03885345868638779,0.35146083148871576,-0.007745603126665482,0.046473618759992896,3278895,259.6,0.01705616840666741
55,Management of companies and enterprises,2002,109.495,0.05192621769622452,0.35828427018036113,0.05075322138322251,0.05627559262181149,2831498,261.8,0.017091896691301286
55,Management of companies and enterprises,2003,107.688,-0.016503036668341076,0.3447700099426311,0.03059836808703536,0.043517679057116954,2803468,280.6,0.017470130808071374
55,Management of companies and enterprises,2004,100.879,-0.06322895772973769,0.3036620327951948,0.0350937619594336,0.04385763490241102,2776612,320.8,0.01851413665141136
55,Management of companies and enterprises,2005,100.776,-0.0010210251885923727,0.2966158766387004,0.05439944403690977,0.040963669356395505,2836320,354.8,0.0187705997809744
55,Management of companies and enterprises,2006,98.189,-0.025670794633642968,0.33131159969673996,0.04876376242904491,0.04156348813288125,2917518,383.6,0.01915595927111475
55,Management of companies and enterprises,2007,95.207,-0.03037000071291085,0.3707582578742137,0.04050987215371813,0.0329071790604433,2855677,433.5,0.020528775803037407
55,Management of companies and enterprises,2008,94.56,-0.006795718802188877,0.32522625852709625,0.040879912909643754,0.03847742032358572,2860402,432.6,0.019917127071823207
55,Management of companies and enterprises,2009,89.193,-0.05675761421319803,0.286534224691519,0.04269183237838445,0.03718683294011909,2817786,400.2,0.02027170774701395
55,Management of companies and enterprises,2010,91.345,0.024127453948179722,0.2782633776411454,0.023277467411545624,0.03400372439478585,2837069,422.2,0.02012085859163521
55,Management of companies and enterprises,2011,90.598,-0.008177787508894863,0.2550511403980061,0.01054137489646864,0.03128529478201943,2955969,446.5,0.019941760234388258
55,Management of companies and enterprises,2012,93.216,0.028896885140952344,0.28746721442548795,0.030833109069239938,0.03164045980546692,3054139,478.8,0.020434292737887945
55,Management of companies and enterprises,2013,93.406,0.002038276690697005,0.27464184791013513,0.03335898422470181,0.024778761061946902,3164210,492.9,0.02018576307835958
55,Management of companies and enterprises,2014,96.253,0.030479840695458504,0.2654653474037404,0.0430702323274711,0.02628466791286766,3240066,518.7,0.02026195619479916
55,Management of companies and enterprises,2015,96.156,-0.001007760797065993,0.25473852166954675,0.032904363486286725,0.025550594679773383,3348111,542.3,0.02098408104196816
55,Management of companies and enterprises,2016,95.964,-0.0019967552726819493,0.2597689677808372,0.011918507206972326,0.02547580915490335,3378665,541.1,0.020545006511677358
55,Management of companies and enterprises,2017,100,0.04205743820599395,0.2504264056190574,-0.002416462148385879,0.0294506324334529,3493863,568.6,0.020566649907583907
55,Management of companies and enterprises,2018,102.137,0.02137000000000011,0.25267332321589864,0.012987012987012988,0.02882102882102882,3494326,600.9,0.020516094669707604
55,Management of companies and enterprises,2019,105.418,0.032123520369699676,0.216039874630183,0.020804438280166437,0.02765999603724985,3499834,631.7,0.020956355577966802
55,Management of companies and enterprises,2020,107.916,0.02369614297368572,0.23740259326225469,0.015322001436437634,0.02717261192243237,3537057,639.0,0.021912903922718434
55,Management of companies and enterprises,2021,111.907,0.03698246784536119,0.25944892740903647,0.01203311124570967,0.03303048657379366,3462885,688.3,0.02068420451608638
55,Management of companies and enterprises,2022,118.541,0.059281367564138154,0.23113360315898396,3.572159208084141,0.039348319241080634,3625698,756.1,0.020303764292657775
56,Administrative and waste management services,1987,91.619,,0.4629022096228286,0.1731270007132076,0.1223786855970764,3556810,130.8,0.018949655921767478
56,Administrative and waste management services,1988,90.283,-0.014582128161189312,0.45115472975696264,0.17141098225748744,0.12191926420137647,3872309,154.4,0.0205439352812816
56,Administrative and waste management services,1989,90.854,0.006324557225612759,0.41204511453304543,0.16407464228058039,0.11939355653821858,4227258,174.3,0.02172937392475129
56,Administrative and waste management services,1990,91.535,0.007495542298632918,0.4065387625832542,0.14680616211546768,0.12002687526995248,4575426,194.6,0.02304403945670065
56,Administrative and waste management services,1991,89.234,-0.02513792538373305,0.48434285176618735,0.12144893666744566,0.12433746202383734,4528149,197.6,0.02314982953946366
56,Administrative and waste management services,1992,89.767,0.005973059596118047,0.44323201246875304,0.16642135263345395,0.12568203551272195,4714223,213.5,0.023742271251278858
56,Administrative and waste management services,1993,87.255,-0.027983557432018413,0.3951768490051698,0.14991239646342946,0.10902023664214969,5133310,228.3,0.023994450692086985
56,Administrative and waste management services,1994,85.04,-0.02538536473554509,0.3924805469911817,0.16001159661102024,0.10867063028446314,5581295,253.7,0.024954998376990646
56,Administrative and waste management services,1995,85.507,0.005491533396048798,0.36842504149111743,0.10866907851683562,0.1041005568657472,6103840,283.9,0.02611895671374028
56,Administrative and waste management services,1996,85.9,0.004596114937958307,0.4136297239168696,0.1484326667404139,0.11097727356530931,6317119,315.4,0.027263690193197042
56,Administrative and waste management services,1997,86.618,0.008358556461001143,0.43416349495652423,0.1357954971783318,0.11422523586302766,6996330,350.9,0.028362889797765887
56,Administrative and waste management services,1998,85.42,-0.013830843473642829,0.37968318547745855,0.10872077964751953,0.1062080322868707,7707202,399.0,0.030532598714416895
56,Administrative and waste management services,1999,85.233,-0.0021891828611566577,0.40825063368835607,0.10904596827992026,0.10987888065830927,8210225,436.1,0.03131350120988878
56,Administrative and waste management services,2000,86.654,0.01667194631187452,0.3660359015183742,0.12838315033865272,0.10829940373965227,9033281,475.9,0.03156966022315683
56,Administrative and waste management services,2001,89.165,0.028977312068687144,0.4520426402683927,0.055739466326673454,0.10090458877341395,8929952,472.3,0.03103092580303936
56,Administrative and waste management services,2002,89.25,0.0009532888465204614,0.4743881277188677,0.1274065797346076,0.1167797892868322,8382408,467.8,0.03054082991669496
56,Administrative and waste management services,2003,92.773,0.03947338935574218,0.4509753020361577,0.13631142109988512,0.10429580142945076,8260098,492.0,0.030631875828835052
56,Administrative and waste management services,2004,93.689,0.009873562351115028,0.4233011673227884,0.11749845191829168,0.09673326267242591,8433070,531.9,0.03069722345662625
56,Administrative and waste management services,2005,97.117,0.03658914066752783,0.3586449837580056,0.12969724036547015,0.09699845549786933,8969949,580.3,0.030700617398250966
56,Administrative and waste management services,2006,95.509,-0.016557348353017587,0.3409948142341012,0.1132329781138168,0.09811842973032388,9675627,622.8,0.031100968284802567
56,Administrative and waste management services,2007,97.742,0.023379995602508696,0.3970703695002529,0.09446702760273365,0.09749534037454513,9760720,665.4,0.0315106053502678
56,Administrative and waste management services,2008,100.212,0.025270610382435388,0.3954360145723703,0.08190241505295169,0.10296557961983036,9682184,682.2,0.03140883977900553
56,Administrative and waste management services,2009,100.476,0.002634415040114968,0.2966929232321744,0.09602520124987723,0.10747634654628656,8602500,633.9,0.03210953408503784
56,Administrative and waste management services,2010,102.264,0.017795294398662342,0.3782421001462942,0.09770421586773576,0.09902155954356617,8627907,672.1,0.03203038621373289
56,Administrative and waste management services,2011,101.705,-0.005466244230618811,0.32146738150727966,0.11418159844657905,0.09378742156440102,9065148,711.3,0.031768362944502505
56,Administrative and waste management services,2012,100.305,-0.013765301607590485,0.2873413835127054,0.07923491348181529,0.08291085304907993,9458807,745.1,0.03179948103383523
56,Administrative and waste management services,2013,99.522,-0.007806191117092909,0.2984534772564491,0.09258547829427584,0.08592770315818468,9865014,777.7,0.03184919445331761
56,Administrative and waste management services,2014,99.605,0.0008339864552560083,0.319794390111361,0.09233317132004824,0.0820903314071754,10170480,853.2,0.03332851556854182
56,Administrative and waste management services,2015,98.861,-0.007469504542944594,0.26291955758009955,0.10745545260156807,0.08065930149679258,10654051,905.7,0.035045698321428294
56,Administrative and waste management services,2016,97.649,-0.01225963726848811,0.3157916066373663,0.08895977009499548,0.07819338537201642,10930800,981.5,0.037266538331567775
56,Administrative and waste management services,2017,100,0.02407602740427439,0.3196913212627681,0.09342732838634576,0.08230519090312856,11205932,1055.2,0.03816730387351836
56,Administrative and waste management services,2018,101.535,0.015349999999999975,0.2749547900926126,0.0956768321673572,0.08158323711200163,11493551,1140.0,0.03892219657757808
56,Administrative and waste management services,2019,102.655,0.011030679076180716,0.25915926015225726,0.08720739426007167,0.08259267941462108,11712210,1213.4,0.040253984261999234
56,Administrative and waste management services,2020,102.16,-0.004821976523306293,0.3076353670714928,0.10382415296611865,0.08667346693867754,11655124,1150.7,0.03946037330809406
56,Administrative and waste management services,2021,105.584,0.03351605324980422,0.31532361281989674,0.12140607538352129,0.09020001114268204,11532442,1288.6,0.038723908091571856
56,Administrative and waste management services,2022,107.865,0.021603652068495238,0.2942714786084917,-0.8023486040266323,0.1000937534760293,12063529,1468.9,0.03944478160228145
61,Educational services,1987,104.794,,0.16121709540075843,0.1204441019493678,0.08608042926049604,1637972,56.7,0.008214415067004708
61,Educational services,1988,104.396,-0.0037979273622534837,0.17280382210758016,0.11307634999034243,0.07618443199690958,1696012,63.0,0.008382564266326041
61,Educational services,1989,103.773,-0.005967661596229745,0.15587188488348033,0.11618500186279206,0.07525679919101602,1759880,68.9,0.008589523025905703
61,Educational services,1990,103.034,-0.007121312865581486,0.1566113672123002,0.1389201349831271,0.07431741486859597,1846392,74.6,0.0088339431832984
61,Educational services,1991,106.158,0.03032008851447099,0.1596787895268269,0.08224671613476454,0.07607521071968879,1920627,79.3,0.009290392117811075
61,Educational services,1992,103.883,-0.021430320842517836,0.1427704904044158,0.11326968973747016,0.07513126491646778,1975609,84.5,0.00939682398469819
61,Educational services,1993,105.072,0.011445568572336251,0.14583070340122176,0.11191319141109936,0.06726746057289991,2018956,89.2,0.009374967156084796
61,Educational services,1994,107.427,0.02241320237551392,0.14364149922329114,0.11329225352112676,0.06949823943661972,2080549,94.3,0.009275744371108466
61,Educational services,1995,108.446,0.009485511091252619,0.13585092804200782,0.10584018553658023,0.06822686063672781,2133078,100.7,0.00926445558673352
61,Educational services,1996,108.217,-0.002111650037806778,0.15367712179408347,0.09844759621245987,0.07436908196854554,2110975,108.5,0.009378916886372476
61,Educational services,1997,116.755,0.07889703096555989,0.1341989757409152,0.10643068314847517,0.07521974642354015,2198775,113.1,0.009141757868701401
61,Educational services,1998,109.782,-0.059723352318958534,0.1361504847334708,0.09176094820287847,0.06892172708381436,2334976,121.7,0.009312825221916132
61,Educational services,1999,111.393,0.014674536809313077,0.12991585295421273,0.094866344363137,0.0671570195075152,2426544,129.8,0.009320092770106772
61,Educational services,2000,113.073,0.015081737631628567,0.12584883161356172,0.06509005710938644,0.0660967930882999,2544704,141.7,0.009399917742427658
61,Educational services,2001,109.402,-0.03246575221317194,0.13776348584250875,0.14293566887150264,0.0671711526833648,2466858,155.5,0.01021661859490286
61,Educational services,2002,101.818,-0.06932231586259852,0.17091737790293424,0.09441000136258346,0.06080528682381796,2717842,166.2,0.010850547097380722
61,Educational services,2003,105.151,0.03273487988371415,0.16409037900237536,0.10379830271071928,0.06584823267693829,2782168,176.5,0.01098887415404347
61,Educational services,2004,106.589,0.013675571321242863,0.12878942122306042,0.07893567028640376,0.0649171270718232,2878497,185.3,0.01069410698723979
61,Educational services,2005,102.561,-0.03779001585529451,0.1652300670265036,0.10204944340937201,0.06906107623177968,2880425,195.1,0.010321713690158132
61,Educational services,2006,101.791,-0.007507727108745144,0.14666779002978844,0.11402285610354967,0.07534329625026524,2980168,213.5,0.010661619667317516
61,Educational services,2007,100.018,-0.017418042852511473,0.1494284612064368,0.08746534364511893,0.0692251568656063,3040446,236.6,0.011204402202995732
61,Educational services,2008,103.19,0.03171429142754301,0.13237489233615285,0.08637145313843508,0.07411865864144454,3119766,257.3,0.01184622467771639
61,Educational services,2009,107.883,0.045479213102044724,0.13125905349768116,0.0830041763998018,0.07455227578395979,3187937,273.5,0.01385385324539809
61,Educational services,2010,108.881,0.00925076240000755,0.1344437974725124,0.0924303683737646,0.07253762353998203,3265393,292.9,0.013958786076480231
61,Educational services,2011,106.865,-0.018515627152579484,0.13230442185050162,0.10111632644633788,0.06912689782378284,3387189,306.4,0.013684558422881438
61,Educational services,2012,104.527,-0.021878070462733268,0.13574946963040074,0.09029917436943967,0.06264922038600562,3460096,309.6,0.013213151695175663
61,Educational services,2013,101.623,-0.02778229548346356,0.14042303273832227,0.08198998001194092,0.06468862757313812,3507807,319.3,0.013076311931264385
61,Educational services,2014,100.927,-0.006848843273668304,0.14619598295800365,0.09031755955038977,0.06562982431518646,3560269,329.6,0.012875150880674384
61,Educational services,2015,100.562,-0.003616475274208164,0.12447226706977098,0.08540229598824614,0.06504469955424957,3636957,339.7,0.013144555282973602
61,Educational services,2016,101.164,0.0059863566754838615,0.14025988873218226,0.07829259661496785,0.06466216793371488,3659607,349.9,0.01328534056262411
61,Educational services,2017,100,-0.011506069352734238,0.1525259288315994,0.08758095971877784,0.06719957624057978,3689320,357.5,0.01293101889194732
61,Educational services,2018,100.233,0.0023299999999999432,0.13459350641810652,0.08556023549121627,0.06534999233119787,3725178,369.5,0.012615571610013247
61,Educational services,2019,99.623,-0.006085820039308354,0.12435622866408023,0.0827782403552595,0.06754787676935886,3804405,383.2,0.012712482915112993
61,Educational services,2020,93.147,-0.06500506911054671,0.14260566525005644,0.061351649978926746,0.06869881192404516,3756643,356.7,0.012232132753104327
61,Educational services,2021,93.383,0.0025336296391724744,0.1218540364698851,0.1351556045166621,0.08863490314881116,3432239,385.3,0.011578706959244634
61,Educational services,2022,96.603,0.03448165083580523,0.11161568397706825,2.564453167832628,0.07280861422399613,3707733,437.0,0.011734882946556604
62,Health care and social assistance,1987,120.163,,0.2846039247359983,0.08446175569322169,0.0643206466392199,9243094,382.3,0.05538572980804057
62,Health care and social assistance,1988,114.797,-0.04465600892121535,0.22820017269916226,0.0786597512607455,0.059369447784497764,9441254,432.3,0.05752035765607536
62,Health care and social assistance,1989,113.721,-0.009373067240433075,0.181168867883911,0.08180611708156622,0.06069762988949461,9857342,476.4,0.05939112873064552
62,Health care and social assistance,1990,112.573,-0.010094881332383676,0.1606035399576094,0.06769147207290314,0.058205699653847975,10398417,532.4,0.06304546046632799
62,Health care and social assistance,1991,111.005,-0.013928739573432325,0.18610764847593164,0.0777202957560333,0.06155534536541414,10700895,580.1,0.06796162001944772
62,Health care and social assistance,1992,107.876,-0.028187919463087185,0.19033273656402125,0.06972033702435232,0.05317798835963272,11282116,636.1,0.07073751167652685
62,Health care and social assistance,1993,106.326,-0.014368348844970291,0.18685544508041677,0.06387723928954554,0.05493971719894254,11696742,671.1,0.07053296478081286
62,Health care and social assistance,1994,103.348,-0.028008201192558646,0.18028100291686067,0.06694774105919156,0.06011960002212539,11991984,701.2,0.06897297935335374
62,Health care and social assistance,1995,100.502,-0.027538026860703724,0.18688168292390167,0.060887966467260815,0.06341106092052252,12309410,741.0,0.0681724090344542
62,Health care and social assistance,1996,99.015,-0.014795725458199738,0.20721529899608046,0.06922810166863858,0.06764921871812656,12391421,775.7,0.06705277261529152
62,Health care and social assistance,1997,96.842,-0.02194616977225672,0.2563386830105167,0.08202747895086294,0.07048354969714497,12796134,816.1,0.06596453224268094
62,Health care and social assistance,1998,95.719,-0.01159620825674812,0.2086806443307824,0.06321200333425951,0.06377778046236676,13605170,865.9,0.06626109580655035
62,Health care and social assistance,1999,96.394,0.007051891474002092,0.2298537481745571,0.07396737586652188,0.06664638654581864,13715497,908.6,0.0652406493907474
62,Health care and social assistance,2000,97.919,0.01582048675228731,0.20706944208259956,0.07012589622311331,0.060580182594522164,14008111,968.4,0.06424051052764253
62,Health care and social assistance,2001,98.419,0.005106261297603165,0.1991646173514176,0.092797372362259,0.05686149433029311,14271479,1052.9,0.0691773486724966
62,Health care and social assistance,2002,98.436,0.00017273087513602903,0.24132988851128537,0.08063633999326868,0.055311629899336044,14848455,1140.8,0.07447836419188886
62,Health care and social assistance,2003,98.148,-0.002925758868706718,0.1924097057741834,0.076710601655069,0.05433714244149721,15337990,1219.5,0.07592596051476494
62,Health care and social assistance,2004,99.332,0.012063414435342423,0.17231043814307484,0.0761465027993294,0.05534079942791157,15682117,1297.6,0.0748876051087013
62,Health care and social assistance,2005,99.028,-0.003060443764345666,0.18431331858320293,0.07393507895319995,0.05668796866176292,15911250,1384.5,0.073246604838667
62,Health care and social assistance,2006,99.222,0.0019590418871429094,0.16981064909274945,0.07143070466232039,0.05916837513593091,16425973,1461.8,0.07299838702428452
62,Health care and social assistance,2007,98.101,-0.011297897643667731,0.19904232833493865,0.06916833129990646,0.058245097647877574,16752786,1544.8,0.07315536992048946
62,Health care and social assistance,2008,100.109,0.020468700624866054,0.1842672537060359,0.07058405451015198,0.05753677701344385,17156348,1641.9,0.07559392265193371
62,Health care and social assistance,2009,100.163,0.0005394120408754866,0.17223968811244617,0.06685511026153328,0.05656358191958271,17477366,1724.8,0.08736791984520155
62,Health care and social assistance,2010,99.083,-0.010782424647824085,0.1655613621476902,0.0588607276447993,0.05329184628545549,17732213,1798.7,0.0857209577185558
62,Health care and social assistance,2011,98.839,-0.002462581875801062,0.15719689026885644,0.061890940632871275,0.05621278086373417,18004299,1868.1,0.08343382372645175
62,Health care and social assistance,2012,98.197,-0.006495411730187417,0.17683713405867224,0.06182181278964462,0.05617239514740568,18287802,1957.3,0.08353392058451978
62,Health care and social assistance,2013,98.586,0.003961424483436282,0.18089748648727058,0.06491011050635,0.05899554675903018,18430842,1991.6,0.0815621135055
62,Health care and social assistance,2014,98.681,0.0009636256669303123,0.16529653242148798,0.06368895170572861,0.06061296701350744,18684094,2056.7,0.08034078524357706
62,Health care and social assistance,2015,99.414,0.007427974990119823,0.18457610431556085,0.06985232819299009,0.06263056548134732,19104980,2174.5,0.08414140554261436
62,Health care and social assistance,2016,100.016,0.006055485142937744,0.16172002048740436,0.0669090200915317,0.06285825570450193,19609814,2285.2,0.08676667691828699
62,Health care and social assistance,2017,100,-0.00015997440409543096,0.18977919010355956,0.05546521927470922,0.06404806393007002,20109347,2386.9,0.08633580137954983
62,Health care and social assistance,2018,100.248,0.0024800000000000377,0.1879879375164454,0.07136196006951803,0.06470198869842801,20476451,2479.3,0.08464894910069241
62,Health care and social assistance,2019,100.971,0.007212113957385746,0.16890197637307516,0.06710653962824581,0.0640115571923926,20803459,2602.6,0.08634005228307169
62,Health care and social assistance,2020,98.552,-0.023957373899436418,0.17385246163585563,0.07637375234515517,0.06606798608891085,21205058,2537.6,0.08702063379388153
62,Health care and social assistance,2021,100.426,0.01901534215439571,0.19056831484408715,0.08154599717137173,0.0693796993983172,20700670,2798.8,0.08410715036992963
62,Health care and social assistance,2022,101.823,0.013910740246549702,0.2060260483574968,-0.8563908563561209,0.07587493960761528,21139819,3021.8,0.08114523864509095
71,"Arts, entertainment, and recreation",1987,95.52,,0.39396897427944916,0.19047215680959562,0.12202890202788555,938902,49.4,0.007156827236508511
71,"Arts, entertainment, and recreation",1988,94.394,-0.011788107202679976,0.3919102598315555,0.15009434411023198,0.11050153011876258,983664,55.8,0.007424556921603065
71,"Arts, entertainment, and recreation",1989,96.552,0.02286162256075608,0.3546730321212864,0.12020316027088036,0.11481910804709902,1034389,61.3,0.0076420574961976705
71,"Arts, entertainment, and recreation",1990,100.615,0.04208095119728217,0.31023142497726214,0.07603501372938695,0.11819409257096045,1102999,69.7,0.008253697585467807
71,"Arts, entertainment, and recreation",1991,99.289,-0.01317894946081588,0.3509729231700106,0.13237669866007792,0.11948430422249676,1097445,72.8,0.008528884567170823
71,"Arts, entertainment, and recreation",1992,104.994,0.057458530149361975,0.3446767110571602,0.12973792844633475,0.09577495621716287,1142430,81.5,0.009063208931987012
71,"Arts, entertainment, and recreation",1993,99.611,-0.05126959635788708,0.306557927822375,0.11979009134353638,0.08517331074950094,1203234,89.8,0.00943802747327819
71,"Arts, entertainment, and recreation",1994,97.552,-0.020670407886679176,0.3091659841329075,0.12177510122345168,0.08666481516670808,1268439,97.3,0.009570836981005873
71,"Arts, entertainment, and recreation",1995,98.358,0.008262260127931853,0.2926002235916957,0.10480830332556662,0.08351337993362988,1336446,108.7,0.010000460002760017
71,"Arts, entertainment, and recreation",1996,97.701,-0.006679680351369566,0.3098415160926448,0.12350151404117639,0.08668058570579207,1378365,118.6,0.010251977352292864
71,"Arts, entertainment, and recreation",1997,97.238,-0.004738948424274025,0.3085076569114794,0.11138079108100178,0.0884298402368442,1510132,127.4,0.010297612311870546
71,"Arts, entertainment, and recreation",1998,96.337,-0.009265924844196638,0.29744964040208555,0.09507606867691346,0.07964071075651505,1569600,133.5,0.010215794306703397
71,"Arts, entertainment, and recreation",1999,96.034,-0.003145209005885552,0.2759201867541406,0.09288621278453223,0.08007343595537353,1617131,142.6,0.010239177419239026
71,"Arts, entertainment, and recreation",2000,98.661,0.02735489514130407,0.24503221811983875,0.07949143733600375,0.079694253951755,1730506,151.5,0.010050017910923009
71,"Arts, entertainment, and recreation",2001,94.283,-0.044374170138149815,0.27700548797658403,0.10547335590125899,0.08144739010814854,1743484,160.0,0.010512276367745708
71,"Arts, entertainment, and recreation",2002,94.92,0.006756255104313658,0.3320101819219907,0.11849990095087164,0.08560320919175911,1777514,167.3,0.010922361789360981
71,"Arts, entertainment, and recreation",2003,94.529,-0.004119258322798247,0.30740419337371955,0.12499850164818699,0.08254120467485766,1834916,180.5,0.011237913794928308
71,"Arts, entertainment, and recreation",2004,95.294,0.00809275460440717,0.2685186130059826,0.10840893672312486,0.08047880230432233,1885544,191.9,0.011075008801140398
71,"Arts, entertainment, and recreation",2005,93.912,-0.01450248704010737,0.27584842364200274,0.1109557474607365,0.08642444852118664,1937420,202.0,0.010686756357826462
71,"Arts, entertainment, and recreation",2006,95.002,0.01160661044381972,0.26248630277580054,0.10674862701852843,0.09568834685387984,1981530,222.7,0.011121043090920893
71,"Arts, entertainment, and recreation",2007,96.259,0.013231300393675927,0.28302849028971033,0.09344290620073001,0.0971901254832509,2030105,241.6,0.011441181624022693
71,"Arts, entertainment, and recreation",2008,95.265,-0.010326307150500202,0.2563176083346861,0.09023901143569454,0.10196737304211154,2063402,247.6,0.01139963167587477
71,"Arts, entertainment, and recreation",2009,95.626,0.003789429486170226,0.2412330866009193,0.09169381286126375,0.10259616333783028,2007630,244.1,0.012364627338945791
71,"Arts, entertainment, and recreation",2010,99.484,0.04034467613410575,0.24350799131669498,0.09107441865622817,0.09280431142505462,1995103,245.9,0.011718898928666743
71,"Arts, entertainment, and recreation",2011,100.367,0.008875799123477135,0.25184850453866164,0.10311809204314452,0.09002143896559768,1996359,252.2,0.011263856508651105
71,"Arts, entertainment, and recreation",2012,102.275,0.019010232446919906,0.2123922492602483,0.09436196574636521,0.08003113966798973,2065318,264.6,0.01129263546041176
71,"Arts, entertainment, and recreation",2013,101.838,-0.004272793937912578,0.22348980969298102,0.09490968446313332,0.07999221697348366,2114125,276.2,0.011311235062371508
71,"Arts, entertainment, and recreation",2014,103.168,0.013059957972466174,0.20818586486943796,0.10328153457806559,0.08031824814408503,2167600,292.9,0.011441540330550748
71,"Arts, entertainment, and recreation",2015,98.908,-0.041291873449131544,0.19967807665600418,0.10971940236347545,0.07801551356135145,2232209,311.6,0.012057237050852442
71,"Arts, entertainment, and recreation",2016,98.952,0.00044485784769676684,0.1952473020869501,0.1015137753557372,0.07806034917751539,2312395,327.6,0.012438632661662358
71,"Arts, entertainment, and recreation",2017,100,0.010590993613065036,0.22960221882671572,0.10749009012562367,0.07843098585994045,2376395,352.5,0.012750165480871134
71,"Arts, entertainment, and recreation",2018,100.508,0.005079999999999973,0.2205751583580296,0.10748268031161066,0.07835302459731125,2434177,374.3,0.01277945454297147
71,"Arts, entertainment, and recreation",2019,100.875,0.0036514506307956385,0.21045473675246987,0.10094878073760952,0.08101414325751156,2472834,396.7,0.013160339176475272
71,"Arts, entertainment, and recreation",2020,89.415,-0.11360594795539025,0.2616586258633624,0.06553650654543462,0.08716291468112687,2474826,291.3,0.00998940361922986
71,"Arts, entertainment, and recreation",2021,96.145,0.0752670133646478,0.18476671059644767,0.18345105576964346,0.11218310581956276,1833173,388.1,0.011662850170991028
71,"Arts, entertainment, and recreation",2022,100.145,0.041603827552134875,0.16688183950923105,1.6020154863209972,0.09253468744284084,2286356,477.0,0.012809014108712814
72,Accommodation and food services,1987,89.804,,0.4184135871496101,0.16118963505385953,0.1416677649660706,7406004,237.8,0.0344512857660268
72,Accommodation and food services,1988,91.467,0.018518106097723974,0.41683547946858784,0.14691322991550007,0.12882141505864547,7653814,263.7,0.035087019000479
72,Accommodation and food services,1989,90.761,-0.007718630763007495,0.3748022455901776,0.14231738815353456,0.13011229552366382,7940150,279.4,0.03483182486847682
72,Accommodation and food services,1990,90.959,0.00218155375106055,0.36953689314353205,0.12943987712604677,0.13157242556732826,8143040,300.2,0.03554892417729463
72,Accommodation and food services,1991,90.376,-0.006409481194823985,0.36842694538133347,0.1461786583757995,0.13139368741223148,7943750,307.3,0.036001733894115304
72,Accommodation and food services,1992,90.389,0.00014384349827367693,0.3645699385471359,0.14447492778670792,0.11837239095490748,8127508,322.1,0.03581913615942352
72,Accommodation and food services,1993,91.002,0.0067817986701921296,0.35040581671439397,0.12328218537527642,0.10731059501830079,8232299,341.9,0.03593387074736986
72,Accommodation and food services,1994,90.893,-0.0011977758730576937,0.3307546728060249,0.13375764795218925,0.1152576465030273,8537670,361.7,0.03557833233329727
72,Accommodation and food services,1995,91.513,0.00682120735370173,0.33612300393894146,0.12553427620158789,0.11272018439998861,8832849,377.5,0.03473020838125029
72,Accommodation and food services,1996,91.797,0.00310338421863543,0.33938525938020114,0.12217311533998478,0.11534841379775394,9016791,397.5,0.03436054803993603
72,Accommodation and food services,1997,92.089,0.003180931838731027,0.37146600940961255,0.1323177299897863,0.12330957576840001,9229316,423.5,0.03423107389385538
72,Accommodation and food services,1998,92.442,0.0038332482706946447,0.34393785182488706,0.10437259728406671,0.10445833448571508,9453947,448.8,0.03434343434343434
72,Accommodation and food services,1999,94.479,0.02203543843707423,0.32965067015746985,0.09884964001117445,0.10221027330384827,9611777,475.9,0.03417128004078438
72,Accommodation and food services,2000,96.452,0.020882947533314322,0.2977924695320916,0.10777522452015409,0.100029417968273,9891749,518.7,0.03440887320393245
72,Accommodation and food services,2001,95.024,-0.01480529175133738,0.32054388960213004,0.11317075857510706,0.09807912093964721,9974661,529.6,0.03479563477723829
72,Accommodation and food services,2002,95.348,0.003409664926755429,0.37177073219287127,0.12384595558811161,0.09946960756385735,10074579,553.1,0.036109732849345835
72,Accommodation and food services,2003,96.751,0.014714519444561036,0.3057977261374799,0.12918057100482017,0.10171089570422162,10432855,577.5,0.035955098152748464
72,Accommodation and food services,2004,99.179,0.025095347851701755,0.2994173942940912,0.13216067967171197,0.10454386109621809,10734503,615.3,0.035510437286824834
72,Accommodation and food services,2005,98.653,-0.005303542080480672,0.3124422680700023,0.1351231356574175,0.11078195782936091,11031862,652.8,0.03453621064549066
72,Accommodation and food services,2006,99.914,0.012782175909501037,0.29947069311691005,0.13227465288831208,0.11416852364277494,11420256,689.7,0.03444177557165757
72,Accommodation and food services,2007,98.618,-0.012971155193466477,0.3374902768540494,0.12052991601004416,0.1124917020232632,11611509,714.3,0.03382630808791146
72,Accommodation and food services,2008,96.947,-0.016944168407390103,0.31142850848440573,0.11738080581046323,0.11522144755741984,11882851,730.9,0.03365101289134438
72,Accommodation and food services,2009,94.744,-0.022723756279204088,0.27701453081742056,0.12970612674429954,0.11591363083347817,11441979,711.0,0.0360149530437954
72,Accommodation and food services,2010,96.888,0.0226294013341215,0.26515428749406345,0.11083503208048774,0.09894693333082827,11305129,733.3,0.0349470052232262
72,Accommodation and food services,2011,97.398,0.005263809759722404,0.2415678842090481,0.11888615021839737,0.09949961240849824,11558401,777.9,0.03474287858080767
72,Accommodation and food services,2012,96.719,-0.006971395716544482,0.2502995320291419,0.10957631614297196,0.09403964764730123,11984980,829.0,0.03538017685820615
72,Accommodation and food services,2013,97.043,0.003349910565659364,0.2521196626398206,0.10586647475691806,0.09449537376441285,12380648,865.8,0.03545715900434921
72,Accommodation and food services,2014,97.46,0.004297064188040212,0.24062171992818243,0.10948427784489542,0.09708167540427608,12777765,924.6,0.03611761075325101
72,Accommodation and food services,2015,99.014,0.015945003078186026,0.25318903331572057,0.11723413106785488,0.09342471152372403,13196129,997.9,0.03861334034995395
72,Accommodation and food services,2016,99.267,0.002555194214959533,0.23750598944431037,0.10635949904188338,0.08678226799890501,13701444,1045.6,0.03970034893478071
72,Accommodation and food services,2017,100,0.007384125640948147,0.2775751082710938,0.10316148492463366,0.08677932113655719,14020830,1100.4,0.039802218709647084
72,Accommodation and food services,2018,99.061,-0.009389999999999898,0.2569637647218162,0.1034242221616847,0.08897983275134765,14321104,1161.3,0.039649427092580194
72,Accommodation and food services,2019,100.412,0.013638061396513246,0.249337434228498,0.09075022327468177,0.09082549583254501,14492771,1215.5,0.04032365079154448
72,Accommodation and food services,2020,94.784,-0.05604907779946622,0.26752824378534196,0.079949543244288,0.09442941140566825,14387087,957.7,0.03284192188855625
72,Accommodation and food services,2021,104.725,0.1048805705604321,0.23016776720867238,0.1444364390071698,0.09817235178873353,12165865,1268.4,0.03811687492111574
72,Accommodation and food services,2022,102.912,-0.017312007639054605,0.22977243226406333,-0.0641985150048441,0.0837879807341314,13746530,1509.3,0.04052965407605923
81,"Other services, except government",1987,102.287,,0.33538533259491476,0.10225065087818996,0.08361070781941174,4074998,190.4,0.027584208620065196
81,"Other services, except government",1988,101.979,-0.0030111353348910574,0.32101811774638345,0.0971045812930226,0.07712652583116791,4198738,211.5,0.028141465751237424
81,"Other services, except government",1989,101.859,-0.0011767128526462,0.29639031475937255,0.0940596488231414,0.07689148696851474,4382280,229.7,0.028635898970254564
81,"Other services, except government",1990,101.431,-0.004201886922117759,0.29110065554487685,0.08923145083061049,0.07645653832205784,4533140,243.4,0.028822811941217566
81,"Other services, except government",1991,100.269,-0.011456063728051524,0.3237370142226858,0.09237987723135539,0.07638114725181684,4529195,243.2,0.028492097894724507
81,"Other services, except government",1992,102.924,0.026478772103042836,0.31835343185191567,0.08183649021684404,0.06967829302592059,4577849,266.9,0.02968061918953783
81,"Other services, except government",1993,104.664,0.016905677975982192,0.2842047547840409,0.07908156701709969,0.06631125931186138,4664678,278.8,0.029302027389197773
81,"Other services, except government",1994,107.228,0.02449743942520821,0.2946486898666111,0.08140058736056961,0.06628469034852093,4732145,299.0,0.02941089678644148
81,"Other services, except government",1995,107.681,0.0042246428171746064,0.26182612226543195,0.0771702624286117,0.06571143030183711,4887219,321.7,0.029596577579465475
81,"Other services, except government",1996,108.073,0.003640382240135187,0.2650344783339952,0.0554870998018907,0.06603258493874448,4986424,339.9,0.02938151013528115
81,"Other services, except government",1997,111.672,0.033301564683130946,0.28761869310321736,0.08002827430072787,0.06972882678323147,4918114,352.1,0.02845988457621365
81,"Other services, except government",1998,113.39,0.015384339852424933,0.27855623709521476,0.06485472330763545,0.06341251716126307,5040935,384.1,0.029392408937863487
81,"Other services, except government",1999,114.209,0.007222859158656059,0.26544513495775685,0.06261431231359885,0.06312181779235117,5134316,402.3,0.028886543308273917
81,"Other services, except government",2000,115.402,0.010445761717552848,0.2524107721872535,0.0432934046839504,0.06163717353960388,5281024,425.7,0.028239555278415346
81,"Other services, except government",2001,106.727,-0.07517200741754904,0.2593704896106705,0.08457230185320469,0.06337842490196573,5246861,442.4,0.02906644415681688
81,"Other services, except government",2002,107.342,0.005762365661922342,0.30991719908766385,0.06939111129383711,0.05873946470418945,5270301,458.1,0.029907554905596326
81,"Other services, except government",2003,104.914,-0.022619291609994208,0.2715922307414925,0.06543303089079525,0.06204356995014254,5364362,468.7,0.029181219920680873
81,"Other services, except government",2004,106.688,0.016909087443048643,0.26749292063169405,0.06854460093896714,0.06428113876117963,5418054,487.6,0.028140564311808537
81,"Other services, except government",2005,107.642,0.008941961607678461,0.26639084846035027,0.059157322240595285,0.06549549142207524,5353941,497.2,0.026304233965897605
81,"Other services, except government",2006,107.201,-0.004096913844038541,0.26059289494030025,0.07472791420664057,0.07463853258122759,5418240,523.4,0.02613719781673999
81,"Other services, except government",2007,105.296,-0.017770356619807526,0.2853475399617379,0.06602599310360517,0.06651998557022006,5369200,536.3,0.025396960699351694
81,"Other services, except government",2008,101.767,-0.03351504330648847,0.2687759003032758,0.06084312864784015,0.06564567786827943,5439353,550.4,0.025340699815837937
81,"Other services, except government",2009,100.433,-0.013108375013511142,0.230466558237654,0.06694754106930487,0.06609805664100787,5255389,521.4,0.02641096556544996
81,"Other services, except government",2010,100.392,-0.0004082323539077448,0.23903204763073996,0.05818436447206916,0.05868709357290225,5192775,534.8,0.025487056311716036
81,"Other services, except government",2011,100.377,-0.00014941429595982658,0.24540246665182705,0.06919594740245742,0.06043295642347162,5181242,548.7,0.02450625720181151
81,"Other services, except government",2012,100.051,-0.003247755960030574,0.23568773649676572,0.05951297849813992,0.05353448359596836,5224374,576.0,0.024582607804977976
81,"Other services, except government",2013,98.845,-0.012053852535207077,0.23676986906203235,0.06041129243796739,0.055319621439732736,5262129,587.2,0.02404763659893031
81,"Other services, except government",2014,100.715,0.018918508776367027,0.22299629067722282,0.06190168931954894,0.0558143109430313,5324611,626.5,0.024472943042301278
81,"Other services, except government",2015,100.832,0.0011616938886958028,0.2176883822430105,0.06790552744946075,0.05551479773955915,5404622,650.7,0.02517857557442132
81,"Other services, except government",2016,100.25,-0.005771977150111018,0.21290748189331474,0.06233818903764625,0.05549556007224609,5497776,682.2,0.025902427355879307
81,"Other services, except government",2017,100,-0.0024937655860348684,0.23321734467068814,0.0637427557953637,0.05760079436450839,5506488,708.9,0.02564139662238169
81,"Other services, except government",2018,100.118,0.0011799999999999589,0.22635212608524516,0.06419312091315642,0.05772555031763717,5592000,741.3,0.025309670458735643
81,"Other services, except government",2019,100.025,-0.0009289038934057192,0.2187455204034258,0.05545208706565076,0.05924787315722448,5626303,776.8,0.025769981024164335
81,"Other services, except government",2020,98.923,-0.01101724568857787,0.24382228781427195,0.05926469313721849,0.062892322549493,5618154,726.7,0.024920355681751934
81,"Other services, except government",2021,98.678,-0.00247667377657379,0.21301968347102207,0.09551605447586858,0.0702926959590437,5127661,804.5,0.024176147803561664
81,"Other services, except government",2022,97.705,-0.009860353878270778,0.22699283179934254,-0.5108787707542038,0.07005713229512443,5463230,927.3,0.024901045666686356
MN,Manufacturing sector,1987,76.544,,0.22779129509388257,0.10087263905269772,0.08088292120711149,16522435,2412.6,0.34952553422672944
MN,Manufacturing sector,1988,78.031,0.019426734949832936,0.2274810121017003,0.08669025405861269,0.0771301127978073,17060717,2628.3,0.3497125977965831
MN,Manufacturing sector,1989,77.249,-0.010021658058976701,0.21645743585276372,0.08349050754762542,0.0771926618676865,17314214,2774.4,0.34587478495025803
MN,Manufacturing sector,1990,77.216,-0.0004271899959870096,0.2029493774238573,0.07642744111237937,0.07688142056656636,17066980,2836.5,0.3358911506625457
MN,Manufacturing sector,1991,77.137,-0.0010231040198921404,0.17292004616473525,0.05870673881730058,0.08355718197272291,16086581,2796.0,0.3275654017830992
MN,Manufacturing sector,1992,78.508,0.017773571697110357,0.20458231082317493,0.08781239187714582,0.08048997950656056,15855079,2922.3,0.32497442284595884
MN,Manufacturing sector,1993,79.389,0.011221786314770554,0.2085442327118767,0.0772759548854798,0.07160196178806744,15876224,3052.6,0.3208298737742651
MN,Manufacturing sector,1994,80.527,0.014334479587852389,0.20816810281871628,0.07634735946772281,0.07211094800379635,16061876,3282.8,0.32291000659040164
MN,Manufacturing sector,1995,81.803,0.015845616998025447,0.1764921006751895,0.06576344128217454,0.0696222608104175,16450714,3541.2,0.3257923547541285
MN,Manufacturing sector,1996,82.624,0.01003630673691669,0.19464465828035823,0.06552904833345917,0.07193061359823777,16158380,3667.9,0.3170592557375632
MN,Manufacturing sector,1997,84.135,0.018287664601084552,0.2039179526179,0.07987761966279328,0.07337533824748978,16321774,3897.8,0.3150552061947332
MN,Manufacturing sector,1998,84.987,0.010126582278480845,0.1872202456966147,0.0494270116961176,0.06398560881853783,16684358,3963.3,0.3032828282828283
MN,Manufacturing sector,1999,86.985,0.023509477920152566,0.1884626001685988,0.052818825034310915,0.0687384242295034,16405802,4082.2,0.2931161995849758
MN,Manufacturing sector,2000,89.744,0.03171811231821575,0.20577661576151599,0.06481008201965358,0.06815789206443773,16363609,4290.7,0.2846311013227548
MN,Manufacturing sector,2001,88.569,-0.013092797290069513,0.18214624950766314,0.062297064137921666,0.06840721670493295,15836892,4049.5,0.266059144694914
MN,Manufacturing sector,2002,90.767,0.02481680949316334,0.1706795699098756,0.05365496926141975,0.07733683264474812,14569973,3972.2,0.25932938134907163
MN,Manufacturing sector,2003,95.487,0.05200127799751009,0.1916973763876988,0.06261484989446936,0.07330092159930557,14083544,4050.9,0.2522086703150974
MN,Manufacturing sector,2004,98.16,0.027993339407458517,0.19112416970215643,0.05175378388514255,0.06875030957452077,13760641,4359.6,0.2516029618001651
MN,Manufacturing sector,2005,98.81,0.006621841890790625,0.20391793852728643,0.06537888440192627,0.0679306944234493,13676303,4805.0,0.2542072490067136
MN,Manufacturing sector,2006,101.128,0.02345916405222148,0.20078415485910756,0.06955505118481019,0.0668054688543046,13638697,5092.3,0.25429585869733484
MN,Manufacturing sector,2007,102.056,0.009176489201803584,0.18565309567325447,0.030187660807139388,0.06477266593497544,13366099,5405.4,0.25597749648382556
MN,Manufacturing sector,2008,102.144,0.0008622716939719055,0.17615836441289082,0.031466654739007914,0.0691021454876176,12944913,5493.0,0.25290055248618787
MN,Manufacturing sector,2009,98.587,-0.03482338659147877,0.132590548143249,0.043162513991796644,0.07792414025493151,11586979,4513.5,0.22862656900586573
MN,Manufacturing sector,2010,102.393,0.038605495653585065,0.1488343719349384,0.06180280243326967,0.07395310017174132,10850854,5018.9,0.23918658736513018
MN,Manufacturing sector,2011,101.956,-0.0042678698739171406,0.1722595201732626,0.06721395379066064,0.06364345367692457,10938828,5595.3,0.2498995096068816
MN,Manufacturing sector,2012,100.601,-0.013290046686806112,0.16255844131345393,0.04401306549341666,0.05592095943140009,11177542,5776.3,0.2465217317081498
MN,Manufacturing sector,2013,100.987,0.003836939990656152,0.1618331967224081,0.05084773534435792,0.05692668799488778,11257612,5927.8,0.2427615467151551
MN,Manufacturing sector,2014,102.113,0.011149949993563668,0.16171985365966274,0.053219418308007437,0.05491330670919934,11366994,5998.8,0.23433087106489528
MN,Manufacturing sector,2015,101.034,-0.010566725098665186,0.1542144371865418,0.051513875471666956,0.05530785299678812,11548531,5660.0,0.2190114303845469
MN,Manufacturing sector,2016,99.057,-0.019567670289209582,0.16800121230489468,0.04690705201258148,0.056363885009552146,11549550,5483.6,0.20820661191542036
MN,Manufacturing sector,2017,100,0.009519771444723713,0.17306052460282143,0.04996548478192658,0.05767179165359272,11689358,5676.6,0.20532649466301583
MN,Manufacturing sector,2018,101.371,0.013709999999999889,0.15947612469062347,0.049826505272300294,0.05774444205529064,11867119,6043.4,0.2063354410499433
MN,Manufacturing sector,2019,99.675,-0.01673062315652407,0.14670196149840173,0.041745819255859413,0.058664286776736574,12064265,5941.4,0.197103199352433
MN,Manufacturing sector,2020,98.769,-0.009089541008276858,0.16274871934235569,0.047284328474347666,0.062142276633639394,11960402,5411.0,0.1855566872078708
MN,Manufacturing sector,2021,102.304,0.0357905820652229,0.1673469636592194,0.07058761579203728,0.06105657628561524,11658587,6288.2,0.18896762289416588
MN,Manufacturing sector,2022,101.062,-0.012140287769784264,0.1599680175266636,,0.062453544525534754,12150259,7161.7,0.19231512860035338
